{"stats":{"minecraft:broken":{"whispers_of_the_wendigo:rifle":2,"minecraft:iron_boots":1,"minecraft:iron_chestplate":1,"minecraft:iron_leggings":1,"sanitydim:garland":4,"minecraft:iron_helmet":1},"minecraft:custom":{"minecraft:interact_with_crafting_table":41,"minecraft:open_barrel":25,"minecraft:leave_game":35,"minecraft:time_since_death":6226,"minecraft:sprint_one_cm":462441,"minecraft:damage_blocked_by_shield":55,"minecraft:drop":143,"minecraft:play_time":241853,"minecraft:deaths":31,"tombstone:tomb_raiding":3,"minecraft:jump":4370,"minecraft:walk_on_water_one_cm":44525,"minecraft:interact_with_furnace":140,"minecraft:sleep_in_bed":6,"minecraft:damage_dealt":17980,"minecraft:player_kills":18,"minecraft:crouch_one_cm":121856,"tombstone:undead_killed":14,"minecraft:mob_kills":64,"minecraft:interact_with_campfire":12,"minecraft:climb_one_cm":23434,"minecraft:walk_one_cm":529295,"minecraft:sneak_time":35674,"minecraft:walk_under_water_one_cm":40319,"minecraft:interact_with_lectern":1,"minecraft:total_world_time":241853,"minecraft:time_since_rest":1916,"minecraft:damage_taken":12754,"minecraft:trigger_trapped_chest":1,"minecraft:swim_one_cm":26628,"minecraft:fly_one_cm":770017,"minecraft:open_chest":36,"minecraft:fall_one_cm":121142},"minecraft:killed_by":{"the_cuckoo_clock:chuckoo_clock_jumpscare":1,"sackman:sackman":2,"the_cuckoo_clock:chuckoo_clock":2,"sanitydim:rotting_stalker":1,"alexsmobs:cachalot_whale":1,"mimicer:mimicer":3,"man:managgresive":1,"kim_dweller:kim_dweller":2,"minecraft:player":11,"humans_refuted:humans_refuted":1,"the_one_who_watches:toww_hunting":1,"dangers_in_the_darkness:fever_dream":1,"minecraft:warden":1},"minecraft:mined":{"minecraft:stone_pressure_plate":1,"minecraft:spruce_planks":24,"minecraft:sculk_vein":5,"minecraft:deepslate_tile_wall":2,"minecraft:grass_block":10,"minecraft:deepslate_bricks":5,"minecraft:polished_diorite":3,"minecraft:smooth_stone":1,"minecraft:sculk_catalyst":1,"minecraft:dark_oak_trapdoor":1,"minecraft:iron_ore":60,"minecraft:fire":29,"minecraft:cobbled_deepslate":9,"minecraft:deepslate_lapis_ore":6,"minecraft:azure_bluet":2,"minecraft:sculk_shrieker":1,"minecraft:pointed_dripstone":1,"minecraft:iron_bars":1,"minecraft:spruce_pressure_plate":2,"minecraft:red_bed":9,"minecraft:kelp_plant":3,"whispers_of_the_wendigo:lumberjack_body":1,"minecraft:soul_lantern":1,"minecraft:powder_snow":10,"minecraft:torch":7,"extermination:blood_harvest":3,"minecraft:calcite":9,"minecraft:chest":1,"minecraft:polished_diorite_slab":2,"minecraft:glass":5,"minecraft:cobblestone":33,"minecraft:bricks":2,"minecraft:wall_torch":4,"minecraft:skeleton_skull":1,"minecraft:cyan_wool":6,"minecraft:tinted_glass":2,"minecraft:wither_rose":1,"minecraft:stone_brick_stairs":1,"minecraft:grass":54,"minecraft:cracked_deepslate_tiles":1,"minecraft:oak_log":1,"minecraft:dirt":17,"minecraft:netherrack":1,"minecraft:oak_leaves":2,"minecraft:deepslate":26,"minecraft:tuff":4,"minecraft:light_blue_wool":8,"minecraft:deepslate_diamond_ore":2,"minecraft:dark_oak_log":1,"minecraft:ladder":1,"minecraft:spruce_leaves":6,"minecraft:kelp":2,"minecraft:furnace":7,"minecraft:andesite":3,"treechop:chopped_log":1,"minecraft:gold_block":2,"minecraft:deepslate_iron_ore":7,"minecraft:vine":5,"minecraft:packed_ice":4,"minecraft:stone":118,"minecraft:white_wool":1,"minecraft:podzol":1,"minecraft:glass_pane":2,"minecraft:dandelion":37,"minecraft:crafting_table":2,"minecraft:emerald_ore":1,"minecraft:tall_grass":9,"minecraft:deepslate_gold_ore":7,"minecraft:cracked_deepslate_bricks":6,"minecraft:sculk":91,"minecraft:diorite":7,"minecraft:spruce_stairs":6,"minecraft:gray_wool":42,"minecraft:sweet_berry_bush":26,"minecraft:coal_ore":116,"minecraft:gravel":4,"minecraft:stone_bricks":1,"creepingwoods:creeping_oak_log":1,"minecraft:mossy_stone_bricks":1,"minecraft:gold_ore":2,"minecraft:fern":2},"minecraft:used":{"minecraft:ladder":2,"minecraft:diamond_hoe":25,"minecraft:shield":1,"minecraft:rotten_flesh":2,"minecraft:iron_chestplate":1,"minecraft:mutton":1,"sanitydim:garland":2,"minecraft:iron_helmet":1,"minecraft:written_book":2,"minecraft:sweet_berries":55,"minecraft:furnace":10,"minecraft:oak_sapling":2,"minecraft:diorite":7,"minecraft:stone_pickaxe":91,"minecraft:wooden_pickaxe":6,"minecraft:white_wool":3,"minecraft:shears":55,"minecraft:redstone_torch":1,"minecraft:bread":5,"minecraft:soul_lantern":1,"minecraft:iron_bars":1,"minecraft:stone_sword":24,"minecraft:cracked_deepslate_bricks":1,"minecraft:spruce_planks":86,"minecraft:torch":42,"minecraft:dirt":19,"minecraft:spyglass":15,"minecraft:spruce_stairs":5,"minecraft:iron_axe":127,"tombstone:gift":3,"minecraft:cooked_beef":16,"minecraft:cobbled_deepslate":23,"minecraft:iron_leggings":1,"minecraft:cooked_mutton":1,"minecraft:glow_item_frame":3,"anthropology_items__structures:hunters_machete":333,"minecraft:crafting_table":9,"minecraft:red_bed":6,"minecraft:chicken":1,"minecraft:iron_pickaxe":470,"minecraft:spruce_pressure_plate":1,"minecraft:fishing_rod":3,"minecraft:cobblestone":119,"minecraft:cooked_porkchop":17,"minecraft:gray_wool":25,"minecraft:smooth_stone":1},"minecraft:dropped":{"minecraft:iron_sword":1,"minecraft:candle":6,"minecraft:oak_log":1,"minecraft:crafting_table":1,"minecraft:cooked_porkchop":1,"minecraft:deepslate_tile_wall":2,"whispers_of_the_wendigo:silver_bullet":2,"minecraft:leather_helmet":1,"sophisticatedbackpacks:gold_backpack":1,"minecraft:flint":1,"minecraft:dirt":52,"minecraft:red_bed":1,"minecraft:stone_button":2,"minecraft:mutton":2,"minecraft:dark_oak_trapdoor":1,"minecraft:gold_nugget":2,"minecraft:iron_pickaxe":3,"minecraft:white_wool":1,"minecraft:bone":4,"minecraft:gravel":3,"minecraft:compass":1,"minecraft:cobbled_deepslate":18,"alexsmobs:animal_dictionary":2,"minecraft:soul_lantern":1,"tombstone:gift":1,"minecraft:rotten_flesh":13,"minecraft:oak_planks":2,"minecraft:azure_bluet":1,"minecraft:gunpowder":1,"minecraft:ladder":2,"minecraft:arrow":2,"minecraft:beef":3,"minecraft:stone_brick_stairs":1,"minecraft:written_book":1,"whispers_of_the_wendigo:rifle":1,"minecraft:enchanting_table":1,"minecraft:lectern":1,"minecraft:iron_ingot":27,"minecraft:bread":2,"minecraft:wheat_seeds":2,"anthropology_items__structures:hunters_machete":1,"minecraft:cobblestone":4,"minecraft:book":5,"minecraft:disc_fragment_5":2,"minecraft:coal":64,"minecraft:cobweb":7,"minecraft:iron_block":2,"minecraft:sculk":8,"minecraft:torch":47,"minecraft:map":1,"tombstone:grave_dust":1,"minecraft:potion":2,"minecraft:iron_leggings":1,"minecraft:green_carpet":6,"minecraft:iron_axe":3,"minecraft:paper":3,"minecraft:dandelion":2,"minecraft:stone_sword":1,"minecraft:gray_glazed_terracotta":4,"minecraft:chicken":2,"minecraft:oak_sign":6,"extermination:scrap_metal":4,"minecraft:deepslate_bricks":1,"minecraft:iron_chestplate":2,"horror_element_mod:human_remains":4,"minecraft:andesite":3,"minecraft:pink_wool":1,"minecraft:stone_bricks":1,"minecraft:light_gray_dye":1,"minecraft:spruce_log":17,"minecraft:stone_pickaxe":1,"minecraft:wooden_pickaxe":1,"minecraft:raw_gold":2},"minecraft:crafted":{"minecraft:oak_planks":20,"minecraft:smooth_stone":5,"minecraft:stone":5,"minecraft:cooked_mutton":1,"minecraft:iron_boots":2,"sophisticatedbackpacks:backpack":1,"minecraft:cooked_porkchop":6,"minecraft:crafting_table":7,"minecraft:wooden_pickaxe":1,"minecraft:iron_helmet":1,"minecraft:iron_chestplate":1,"minecraft:shield":1,"minecraft:stick":40,"minecraft:iron_ingot":61,"minecraft:iron_pickaxe":3,"minecraft:stone_sword":1,"minecraft:light_gray_dye":1,"minecraft:shears":1,"minecraft:furnace":3,"minecraft:blast_furnace":1,"sanitydim:garland":4,"minecraft:stone_pickaxe":1,"minecraft:cooked_beef":16,"minecraft:air":0,"minecraft:iron_leggings":2,"minecraft:torch":48},"minecraft:killed":{"minecraft:spider":8,"dangers_in_the_darkness:fever_dream":1,"doppelgangermod:dpcow":1,"minecraft:skeleton":2,"minecraft:chicken":2,"minecraft:silverfish":15,"humans_refuted:humans_refuted":1,"minecraft:pig":3,"boh:rake":1,"minecraft:creeper":1,"minecraft:sheep":4,"minecraft:zombie":11,"minecraft:cow":4,"minecraft:drowned":1,"alexsmobs:bison":1,"extermination:tripod_body":1},"minecraft:picked_up":{"minecraft:iron_chestplate":1,"minecraft:redstone_block":2,"minecraft:potion":2,"minecraft:stone_brick_stairs":1,"minecraft:string":8,"minecraft:dark_oak_trapdoor":1,"minecraft:iron_leggings":1,"minecraft:oak_sign":6,"minecraft:gold_nugget":2,"minecraft:tnt_minecart":1,"minecraft:cobbled_deepslate":41,"minecraft:smooth_stone":1,"minecraft:spruce_planks":118,"minecraft:written_book":1,"minecraft:calcite":3,"minecraft:iron_pickaxe":1,"minecraft:deepslate_tile_wall":2,"minecraft:furnace":10,"minecraft:iron_boots":1,"minecraft:spruce_pressure_plate":1,"minecraft:stick":27,"minecraft:torch":10,"minecraft:spruce_stairs":5,"whispers_of_the_wendigo:silver_bullet":5,"minecraft:porkchop":2,"minecraft:pointed_dripstone":2,"tombstone:grave_dust":1,"minecraft:diorite":7,"extermination:scrap_metal":8,"minecraft:rotten_flesh":10,"minecraft:light_blue_wool":8,"minecraft:iron_block":1,"minecraft:iron_bars":1,"minecraft:cobblestone":262,"minecraft:enchanting_table":1,"minecraft:andesite":3,"alexsmobs:bison_fur":3,"minecraft:flint":1,"minecraft:tuff":1,"anthropology_items__structures:hunters_machete":1,"minecraft:lapis_lazuli":40,"minecraft:map":1,"minecraft:dirt":24,"minecraft:bone":7,"minecraft:bow":1,"minecraft:wheat_seeds":2,"minecraft:raw_gold":11,"minecraft:oak_planks":8,"minecraft:cooked_porkchop":12,"alexsmobs:animal_dictionary":1,"minecraft:dark_oak_log":1,"minecraft:diamond":2,"minecraft:soul_lantern":2,"minecraft:emerald":2,"minecraft:oak_sapling":2,"minecraft:crafting_table":3,"minecraft:azure_bluet":2,"minecraft:chicken":3,"minecraft:ladder":4,"minecraft:pink_wool":1,"minecraft:gold_block":2,"minecraft:red_bed":13,"minecraft:iron_axe":5,"minecraft:compass":1,"horror_element_mod:human_remains":4,"minecraft:candle":3,"tombstone:scroll_of_unstable_intangibility":1,"minecraft:beef":62,"minecraft:cyan_wool":6,"minecraft:lectern":1,"minecraft:chest":1,"minecraft:raw_iron":72,"minecraft:glow_item_frame":3,"sophisticatedbackpacks:backpack":2,"extermination:alien_battery":2,"minecraft:stone_button":2,"minecraft:arrow":1,"minecraft:deepslate_bricks":1,"minecraft:cracked_deepslate_bricks":1,"minecraft:saddle":1,"minecraft:mutton":4,"minecraft:skeleton_skull":1,"minecraft:white_wool":4,"minecraft:clock":2,"minecraft:leather":19,"minecraft:oak_log":6,"minecraft:gunpowder":1,"minecraft:paper":3,"minecraft:stone_bricks":1,"minecraft:gray_carpet":1,"minecraft:kelp":4,"minecraft:iron_ingot":20,"minecraft:cobweb":7,"minecraft:book":11,"whispers_of_the_wendigo:rifle":1,"minecraft:sweet_berries":123,"minecraft:sculk":10,"minecraft:dandelion":53,"minecraft:spyglass":2,"minecraft:gravel":5,"minecraft:blast_furnace":1,"minecraft:spruce_log":47,"minecraft:green_carpet":4,"minecraft:leather_helmet":1,"minecraft:stone_axe":1,"minecraft:iron_helmet":1,"minecraft:gray_wool":42,"minecraft:coal":148}},"DataVersion":3120}