{"stats":{"minecraft:custom":{"minecraft:time_since_rest":5991,"minecraft:interact_with_furnace":8,"minecraft:sprint_one_cm":44794,"minecraft:damage_taken":100,"minecraft:walk_one_cm":52647,"minecraft:mob_kills":3,"minecraft:drop":3,"minecraft:damage_dealt":410,"minecraft:interact_with_crafting_table":5,"minecraft:fly_one_cm":95994,"minecraft:open_barrel":16,"minecraft:open_chest":2,"minecraft:interact_with_campfire":4,"minecraft:crouch_one_cm":10011,"minecraft:play_time":34230,"minecraft:sneak_time":3282,"minecraft:jump":590,"minecraft:leave_game":21,"minecraft:time_since_death":34230,"minecraft:sleep_in_bed":2,"minecraft:climb_one_cm":1965,"minecraft:total_world_time":34230,"minecraft:fall_one_cm":16236},"minecraft:dropped":{"alexsmobs:animal_dictionary":1,"minecraft:wooden_pickaxe":1,"minecraft:azure_bluet":1},"minecraft:picked_up":{"minecraft:raw_iron":16,"minecraft:stick":2,"minecraft:crafting_table":1,"minecraft:azure_bluet":2,"minecraft:pink_wool":1,"minecraft:stone_brick_stairs":1,"minecraft:oak_log":5,"minecraft:red_bed":6,"minecraft:dirt":24,"minecraft:iron_axe":1,"minecraft:bone":2,"minecraft:rotten_flesh":3,"minecraft:stone_bricks":1,"minecraft:spruce_planks":1,"minecraft:oak_sapling":2,"minecraft:iron_bars":1,"minecraft:mutton":2,"minecraft:oak_planks":8,"minecraft:white_wool":2,"minecraft:cobblestone":63,"minecraft:furnace":1},"minecraft:crafted":{"minecraft:oak_planks":20,"minecraft:cooked_porkchop":4,"minecraft:crafting_table":1,"minecraft:stick":4,"minecraft:wooden_pickaxe":1,"minecraft:iron_ingot":4,"minecraft:stone_pickaxe":1,"minecraft:stone_sword":1,"minecraft:furnace":1,"minecraft:light_gray_dye":1,"minecraft:cooked_mutton":1,"minecraft:air":0},"minecraft:mined":{"minecraft:spruce_planks":1,"minecraft:glass_pane":1,"minecraft:furnace":1,"minecraft:red_bed":6,"minecraft:iron_ore":10,"whispers_of_the_wendigo:lumberjack_body":1,"minecraft:stone_brick_stairs":1,"minecraft:powder_snow":10,"treechop:chopped_log":1,"minecraft:crafting_table":1,"minecraft:azure_bluet":1,"minecraft:grass":12,"minecraft:grass_block":7,"minecraft:oak_log":1,"minecraft:iron_bars":1,"minecraft:packed_ice":4,"minecraft:dirt":17,"minecraft:tall_grass":5,"minecraft:stone_bricks":1,"minecraft:stone":67,"creepingwoods:creeping_oak_log":1,"minecraft:white_wool":1},"minecraft:used":{"minecraft:cooked_mutton":1,"minecraft:iron_bars":1,"minecraft:stone_sword":24,"minecraft:stone_pickaxe":91,"minecraft:wooden_pickaxe":6,"minecraft:white_wool":1,"minecraft:dirt":19,"minecraft:mutton":1,"minecraft:crafting_table":1,"minecraft:red_bed":1,"minecraft:furnace":1,"minecraft:oak_sapling":2,"minecraft:cooked_porkchop":1},"minecraft:killed":{"minecraft:sheep":2,"boh:rake":1}},"DataVersion":3120}