{"stats":{"minecraft:killed":{"boh:rake":1,"minecraft:sheep":2,"minecraft:zombie":1},"minecraft:used":{"minecraft:cooked_mutton":1,"minecraft:iron_bars":1,"minecraft:stone_sword":24,"minecraft:ladder":1,"minecraft:stone_pickaxe":91,"minecraft:spruce_planks":11,"minecraft:wooden_pickaxe":6,"minecraft:rotten_flesh":2,"minecraft:white_wool":1,"minecraft:glow_item_frame":3,"minecraft:dirt":19,"minecraft:mutton":1,"minecraft:crafting_table":2,"minecraft:red_bed":2,"minecraft:spruce_stairs":1,"minecraft:iron_axe":26,"minecraft:iron_pickaxe":4,"minecraft:oak_sapling":2,"minecraft:furnace":2,"minecraft:cooked_porkchop":2},"minecraft:crafted":{"minecraft:oak_planks":20,"minecraft:cooked_porkchop":4,"minecraft:crafting_table":1,"minecraft:wooden_pickaxe":1,"minecraft:furnace":1,"minecraft:cooked_mutton":1,"minecraft:air":0,"minecraft:shield":1,"minecraft:stick":40,"minecraft:iron_ingot":11,"minecraft:iron_pickaxe":1,"minecraft:stone_pickaxe":1,"minecraft:stone_sword":1,"minecraft:light_gray_dye":1,"minecraft:torch":4},"minecraft:picked_up":{"minecraft:crafting_table":1,"minecraft:azure_bluet":2,"minecraft:ladder":1,"minecraft:pink_wool":1,"minecraft:stone_brick_stairs":1,"minecraft:oak_log":5,"minecraft:dirt":24,"minecraft:red_bed":6,"minecraft:iron_axe":1,"minecraft:bone":2,"minecraft:stone_bricks":1,"minecraft:spruce_planks":8,"minecraft:oak_planks":8,"minecraft:furnace":2,"minecraft:stick":2,"minecraft:raw_iron":19,"minecraft:cooked_porkchop":12,"minecraft:glow_item_frame":3,"minecraft:dandelion":7,"minecraft:spruce_stairs":5,"minecraft:rotten_flesh":3,"minecraft:oak_sapling":2,"minecraft:mutton":2,"minecraft:iron_bars":1,"minecraft:white_wool":2,"minecraft:cobblestone":63},"minecraft:mined":{"minecraft:spruce_planks":8,"minecraft:glass_pane":2,"minecraft:red_bed":6,"whispers_of_the_wendigo:lumberjack_body":1,"minecraft:dandelion":8,"minecraft:powder_snow":10,"minecraft:crafting_table":1,"minecraft:ladder":1,"minecraft:grass_block":7,"minecraft:tall_grass":5,"minecraft:spruce_stairs":6,"minecraft:furnace":2,"minecraft:iron_ore":13,"treechop:chopped_log":1,"minecraft:stone_brick_stairs":1,"minecraft:azure_bluet":1,"minecraft:grass":12,"minecraft:oak_log":1,"minecraft:iron_bars":1,"minecraft:dirt":17,"minecraft:packed_ice":4,"minecraft:stone":67,"minecraft:stone_bricks":1,"creepingwoods:creeping_oak_log":1,"minecraft:white_wool":1},"minecraft:custom":{"minecraft:interact_with_furnace":18,"minecraft:mob_kills":4,"minecraft:interact_with_crafting_table":9,"minecraft:open_barrel":25,"minecraft:interact_with_campfire":12,"minecraft:leave_game":21,"minecraft:time_since_death":52101,"minecraft:sleep_in_bed":3,"minecraft:climb_one_cm":2927,"minecraft:time_since_rest":2930,"minecraft:sprint_one_cm":59637,"minecraft:damage_taken":210,"minecraft:walk_one_cm":98419,"minecraft:drop":28,"minecraft:damage_dealt":732,"minecraft:fly_one_cm":109325,"minecraft:open_chest":4,"minecraft:crouch_one_cm":14328,"minecraft:play_time":52101,"tombstone:undead_killed":1,"minecraft:sneak_time":5749,"minecraft:jump":816,"minecraft:walk_on_water_one_cm":3208,"minecraft:total_world_time":52101,"minecraft:fall_one_cm":19384},"minecraft:dropped":{"alexsmobs:animal_dictionary":1,"minecraft:cooked_porkchop":1,"minecraft:rotten_flesh":1,"minecraft:azure_bluet":1,"whispers_of_the_wendigo:silver_bullet":2,"minecraft:torch":1,"minecraft:spruce_log":17,"minecraft:stone_pickaxe":1,"minecraft:wooden_pickaxe":1,"minecraft:stone_brick_stairs":1,"whispers_of_the_wendigo:rifle":1}},"DataVersion":3120}