{"stats":{"minecraft:killed_by":{"sackman:sackman":1},"minecraft:killed":{"boh:rake":1,"minecraft:spider":1,"minecraft:creeper":1,"minecraft:sheep":2,"minecraft:zombie":3,"extermination:tripod_body":1},"minecraft:used":{"minecraft:cooked_mutton":1,"minecraft:diorite":7,"minecraft:iron_bars":1,"minecraft:stone_sword":24,"minecraft:ladder":1,"minecraft:stone_pickaxe":91,"minecraft:spruce_planks":50,"minecraft:wooden_pickaxe":6,"minecraft:rotten_flesh":2,"minecraft:iron_chestplate":1,"minecraft:torch":8,"minecraft:white_wool":1,"minecraft:glow_item_frame":3,"minecraft:spyglass":5,"minecraft:dirt":19,"minecraft:mutton":1,"sanitydim:garland":1,"minecraft:crafting_table":5,"minecraft:red_bed":2,"minecraft:spruce_stairs":5,"minecraft:iron_axe":58,"minecraft:bread":5,"minecraft:iron_pickaxe":238,"minecraft:iron_helmet":1,"minecraft:cobblestone":5,"minecraft:oak_sapling":2,"minecraft:furnace":6,"minecraft:cooked_porkchop":4,"minecraft:smooth_stone":1,"minecraft:iron_leggings":1},"minecraft:crafted":{"minecraft:smooth_stone":5,"minecraft:oak_planks":20,"minecraft:cooked_porkchop":4,"minecraft:crafting_table":4,"minecraft:iron_helmet":1,"minecraft:wooden_pickaxe":1,"minecraft:furnace":3,"minecraft:stone":5,"sanitydim:garland":1,"minecraft:cooked_mutton":1,"minecraft:air":0,"minecraft:iron_boots":1,"minecraft:iron_chestplate":1,"minecraft:shield":1,"minecraft:stick":40,"minecraft:iron_leggings":1,"minecraft:iron_ingot":49,"minecraft:iron_pickaxe":2,"minecraft:stone_pickaxe":1,"minecraft:stone_sword":1,"minecraft:light_gray_dye":1,"minecraft:torch":48},"minecraft:picked_up":{"minecraft:crafting_table":2,"minecraft:clock":1,"minecraft:azure_bluet":2,"minecraft:redstone_block":1,"minecraft:ladder":1,"minecraft:andesite":3,"minecraft:pink_wool":1,"minecraft:stone_brick_stairs":1,"minecraft:oak_log":5,"minecraft:gunpowder":1,"minecraft:paper":1,"minecraft:dirt":24,"minecraft:red_bed":6,"minecraft:iron_axe":1,"minecraft:bone":2,"minecraft:stone_bricks":1,"minecraft:smooth_stone":1,"minecraft:raw_gold":2,"minecraft:spruce_planks":20,"minecraft:iron_ingot":3,"minecraft:oak_planks":8,"minecraft:furnace":5,"minecraft:stick":2,"minecraft:raw_iron":55,"minecraft:cooked_porkchop":12,"minecraft:glow_item_frame":3,"minecraft:torch":1,"minecraft:dandelion":34,"minecraft:spyglass":1,"minecraft:spruce_stairs":5,"extermination:alien_battery":1,"tombstone:grave_dust":1,"minecraft:pointed_dripstone":2,"minecraft:diorite":7,"extermination:scrap_metal":3,"minecraft:rotten_flesh":5,"minecraft:oak_sapling":2,"minecraft:mutton":2,"minecraft:coal":115,"minecraft:iron_bars":1,"minecraft:white_wool":2,"minecraft:cobblestone":121},"minecraft:mined":{"minecraft:spruce_planks":19,"minecraft:glass_pane":2,"minecraft:red_bed":6,"whispers_of_the_wendigo:lumberjack_body":1,"minecraft:dandelion":37,"minecraft:powder_snow":10,"minecraft:crafting_table":2,"minecraft:ladder":1,"minecraft:grass_block":8,"minecraft:calcite":2,"minecraft:cobblestone":14,"minecraft:glass":1,"minecraft:polished_diorite_slab":2,"minecraft:tall_grass":5,"minecraft:polished_diorite":3,"minecraft:spruce_leaves":3,"minecraft:bricks":2,"minecraft:diorite":7,"minecraft:wall_torch":1,"minecraft:smooth_stone":1,"minecraft:spruce_stairs":6,"minecraft:furnace":5,"minecraft:iron_ore":49,"minecraft:andesite":3,"treechop:chopped_log":1,"minecraft:stone_brick_stairs":1,"minecraft:azure_bluet":2,"minecraft:vine":1,"minecraft:grass":13,"minecraft:pointed_dripstone":1,"minecraft:coal_ore":114,"minecraft:oak_log":1,"minecraft:iron_bars":1,"minecraft:dirt":17,"minecraft:packed_ice":4,"minecraft:stone":106,"minecraft:stone_bricks":1,"creepingwoods:creeping_oak_log":1,"minecraft:gold_ore":2,"minecraft:white_wool":1},"minecraft:custom":{"minecraft:interact_with_furnace":86,"minecraft:mob_kills":10,"minecraft:interact_with_crafting_table":25,"minecraft:open_barrel":25,"minecraft:interact_with_campfire":12,"minecraft:leave_game":21,"minecraft:time_since_death":18422,"minecraft:sleep_in_bed":3,"minecraft:climb_one_cm":3446,"minecraft:time_since_rest":17479,"minecraft:sprint_one_cm":120584,"minecraft:damage_taken":805,"minecraft:walk_one_cm":185002,"minecraft:drop":42,"minecraft:damage_dealt":1716,"minecraft:player_kills":1,"minecraft:fly_one_cm":200977,"minecraft:open_chest":6,"minecraft:deaths":1,"minecraft:crouch_one_cm":35629,"minecraft:play_time":88101,"tombstone:undead_killed":3,"minecraft:sneak_time":12267,"minecraft:interact_with_lectern":1,"minecraft:jump":1445,"minecraft:walk_on_water_one_cm":5385,"minecraft:total_world_time":88101,"minecraft:fall_one_cm":38805},"minecraft:dropped":{"minecraft:stone_sword":1,"alexsmobs:animal_dictionary":1,"minecraft:crafting_table":1,"minecraft:cooked_porkchop":1,"minecraft:oak_planks":2,"minecraft:rotten_flesh":3,"minecraft:azure_bluet":1,"whispers_of_the_wendigo:silver_bullet":2,"minecraft:dirt":5,"minecraft:torch":1,"minecraft:andesite":3,"minecraft:pink_wool":1,"tombstone:grave_dust":1,"minecraft:stone_bricks":1,"minecraft:light_gray_dye":1,"minecraft:spruce_log":17,"minecraft:iron_pickaxe":1,"minecraft:stone_pickaxe":1,"minecraft:wooden_pickaxe":1,"minecraft:paper":1,"minecraft:stone_brick_stairs":1,"whispers_of_the_wendigo:rifle":1},"minecraft:broken":{"sanitydim:garland":1}},"DataVersion":3120}