{"stats":{"minecraft:killed":{"boh:rake":1,"minecraft:spider":1,"minecraft:sheep":2,"minecraft:zombie":1,"extermination:tripod_body":1},"minecraft:used":{"minecraft:cooked_mutton":1,"minecraft:iron_bars":1,"minecraft:stone_sword":24,"minecraft:ladder":1,"minecraft:stone_pickaxe":91,"minecraft:spruce_planks":26,"minecraft:wooden_pickaxe":6,"minecraft:rotten_flesh":2,"minecraft:white_wool":1,"minecraft:glow_item_frame":3,"minecraft:spyglass":4,"minecraft:dirt":19,"minecraft:mutton":1,"sanitydim:garland":1,"minecraft:crafting_table":3,"minecraft:red_bed":2,"minecraft:spruce_stairs":5,"minecraft:iron_axe":48,"minecraft:bread":3,"minecraft:iron_pickaxe":23,"minecraft:oak_sapling":2,"minecraft:furnace":3,"minecraft:cooked_porkchop":4},"minecraft:crafted":{"minecraft:oak_planks":20,"minecraft:cooked_porkchop":4,"minecraft:crafting_table":2,"minecraft:wooden_pickaxe":1,"minecraft:furnace":1,"sanitydim:garland":1,"minecraft:cooked_mutton":1,"minecraft:air":0,"minecraft:shield":1,"minecraft:stick":40,"minecraft:iron_ingot":13,"minecraft:iron_pickaxe":1,"minecraft:stone_pickaxe":1,"minecraft:stone_sword":1,"minecraft:light_gray_dye":1,"minecraft:torch":4},"minecraft:picked_up":{"minecraft:crafting_table":2,"minecraft:clock":1,"minecraft:azure_bluet":2,"minecraft:redstone_block":1,"minecraft:ladder":1,"minecraft:pink_wool":1,"minecraft:stone_brick_stairs":1,"minecraft:oak_log":5,"minecraft:paper":1,"minecraft:dirt":24,"minecraft:red_bed":6,"minecraft:iron_axe":1,"minecraft:bone":2,"minecraft:stone_bricks":1,"minecraft:spruce_planks":18,"minecraft:iron_ingot":3,"minecraft:oak_planks":8,"minecraft:furnace":3,"minecraft:stick":2,"minecraft:raw_iron":19,"minecraft:cooked_porkchop":12,"minecraft:glow_item_frame":3,"minecraft:dandelion":34,"minecraft:spyglass":1,"minecraft:spruce_stairs":5,"extermination:alien_battery":1,"extermination:scrap_metal":3,"minecraft:rotten_flesh":3,"minecraft:oak_sapling":2,"minecraft:mutton":2,"minecraft:iron_bars":1,"minecraft:white_wool":2,"minecraft:cobblestone":73},"minecraft:mined":{"minecraft:spruce_planks":18,"minecraft:glass_pane":2,"minecraft:red_bed":6,"whispers_of_the_wendigo:lumberjack_body":1,"minecraft:dandelion":37,"minecraft:powder_snow":10,"minecraft:crafting_table":2,"minecraft:ladder":1,"minecraft:grass_block":8,"minecraft:calcite":2,"minecraft:glass":1,"minecraft:polished_diorite_slab":2,"minecraft:tall_grass":5,"minecraft:polished_diorite":3,"minecraft:bricks":2,"minecraft:spruce_stairs":6,"minecraft:furnace":3,"minecraft:iron_ore":13,"treechop:chopped_log":1,"minecraft:stone_brick_stairs":1,"minecraft:azure_bluet":2,"minecraft:grass":13,"minecraft:oak_log":1,"minecraft:iron_bars":1,"minecraft:dirt":17,"minecraft:packed_ice":4,"minecraft:stone":75,"minecraft:stone_bricks":1,"creepingwoods:creeping_oak_log":1,"minecraft:white_wool":1},"minecraft:custom":{"minecraft:interact_with_furnace":23,"minecraft:mob_kills":7,"minecraft:interact_with_crafting_table":11,"minecraft:open_barrel":25,"minecraft:interact_with_campfire":12,"minecraft:leave_game":21,"minecraft:time_since_death":64101,"minecraft:sleep_in_bed":3,"minecraft:climb_one_cm":2927,"minecraft:time_since_rest":14930,"minecraft:sprint_one_cm":94540,"minecraft:damage_taken":300,"minecraft:walk_one_cm":130149,"minecraft:drop":34,"minecraft:damage_dealt":1171,"minecraft:player_kills":1,"minecraft:fly_one_cm":180023,"minecraft:open_chest":6,"minecraft:crouch_one_cm":18298,"minecraft:play_time":64101,"tombstone:undead_killed":1,"minecraft:sneak_time":6895,"minecraft:interact_with_lectern":1,"minecraft:jump":1131,"minecraft:walk_on_water_one_cm":3208,"minecraft:total_world_time":64101,"minecraft:fall_one_cm":29232},"minecraft:dropped":{"minecraft:stone_sword":1,"alexsmobs:animal_dictionary":1,"minecraft:crafting_table":1,"minecraft:cooked_porkchop":1,"minecraft:rotten_flesh":1,"minecraft:azure_bluet":1,"whispers_of_the_wendigo:silver_bullet":2,"minecraft:dirt":5,"minecraft:torch":1,"minecraft:pink_wool":1,"minecraft:stone_bricks":1,"minecraft:light_gray_dye":1,"minecraft:spruce_log":17,"minecraft:stone_pickaxe":1,"minecraft:wooden_pickaxe":1,"minecraft:stone_brick_stairs":1,"whispers_of_the_wendigo:rifle":1},"minecraft:broken":{"sanitydim:garland":1}},"DataVersion":3120}