{"stats":{"minecraft:killed":{"boh:rake":1,"minecraft:sheep":2},"minecraft:used":{"minecraft:cooked_mutton":1,"minecraft:iron_bars":1,"minecraft:stone_sword":24,"minecraft:stone_pickaxe":91,"minecraft:spruce_planks":2,"minecraft:wooden_pickaxe":6,"minecraft:rotten_flesh":1,"minecraft:white_wool":1,"minecraft:glow_item_frame":3,"minecraft:dirt":19,"minecraft:mutton":1,"minecraft:crafting_table":2,"minecraft:red_bed":2,"minecraft:oak_sapling":2,"minecraft:furnace":1,"minecraft:cooked_porkchop":1},"minecraft:crafted":{"minecraft:oak_planks":20,"minecraft:cooked_porkchop":4,"minecraft:crafting_table":1,"minecraft:wooden_pickaxe":1,"minecraft:furnace":1,"minecraft:cooked_mutton":1,"minecraft:air":0,"minecraft:stick":40,"minecraft:iron_ingot":4,"minecraft:iron_pickaxe":1,"minecraft:stone_pickaxe":1,"minecraft:stone_sword":1,"minecraft:light_gray_dye":1},"minecraft:picked_up":{"minecraft:crafting_table":1,"minecraft:azure_bluet":2,"minecraft:pink_wool":1,"minecraft:stone_brick_stairs":1,"minecraft:oak_log":5,"minecraft:dirt":24,"minecraft:red_bed":6,"minecraft:iron_axe":1,"minecraft:bone":2,"minecraft:stone_bricks":1,"minecraft:spruce_planks":1,"minecraft:oak_planks":8,"minecraft:furnace":1,"minecraft:stick":2,"minecraft:raw_iron":16,"minecraft:cooked_porkchop":12,"minecraft:glow_item_frame":3,"minecraft:rotten_flesh":3,"minecraft:oak_sapling":2,"minecraft:mutton":2,"minecraft:iron_bars":1,"minecraft:white_wool":2,"minecraft:cobblestone":63},"minecraft:mined":{"minecraft:spruce_planks":1,"minecraft:glass_pane":2,"minecraft:red_bed":6,"whispers_of_the_wendigo:lumberjack_body":1,"minecraft:powder_snow":10,"minecraft:crafting_table":1,"minecraft:grass_block":7,"minecraft:tall_grass":5,"minecraft:furnace":1,"minecraft:iron_ore":10,"treechop:chopped_log":1,"minecraft:stone_brick_stairs":1,"minecraft:azure_bluet":1,"minecraft:grass":12,"minecraft:oak_log":1,"minecraft:iron_bars":1,"minecraft:dirt":17,"minecraft:packed_ice":4,"minecraft:stone":67,"minecraft:stone_bricks":1,"creepingwoods:creeping_oak_log":1,"minecraft:white_wool":1},"minecraft:custom":{"minecraft:interact_with_furnace":8,"minecraft:mob_kills":3,"minecraft:interact_with_crafting_table":7,"minecraft:open_barrel":21,"minecraft:interact_with_campfire":12,"minecraft:leave_game":21,"minecraft:time_since_death":40101,"minecraft:sleep_in_bed":2,"minecraft:climb_one_cm":2280,"minecraft:time_since_rest":11862,"minecraft:sprint_one_cm":48673,"minecraft:damage_taken":110,"minecraft:walk_one_cm":68936,"minecraft:drop":7,"minecraft:damage_dealt":410,"minecraft:fly_one_cm":97379,"minecraft:open_chest":3,"minecraft:crouch_one_cm":10628,"minecraft:play_time":40101,"minecraft:sneak_time":3439,"minecraft:jump":616,"minecraft:total_world_time":40101,"minecraft:fall_one_cm":16236},"minecraft:dropped":{"alexsmobs:animal_dictionary":1,"minecraft:azure_bluet":1,"whispers_of_the_wendigo:silver_bullet":2,"minecraft:stone_pickaxe":1,"minecraft:wooden_pickaxe":1,"whispers_of_the_wendigo:rifle":1}},"DataVersion":3120}