{"stats":{"minecraft:killed":{"minecraft:spider":1,"minecraft:chicken":1,"extermination:tripod_body":1,"boh:rake":1,"minecraft:creeper":1,"minecraft:sheep":2,"minecraft:zombie":3},"minecraft:killed_by":{"sackman:sackman":1},"minecraft:used":{"minecraft:stone_sword":24,"minecraft:iron_bars":1,"minecraft:ladder":1,"minecraft:spruce_planks":65,"minecraft:rotten_flesh":2,"minecraft:iron_chestplate":1,"minecraft:torch":18,"minecraft:dirt":19,"minecraft:spyglass":15,"minecraft:mutton":1,"sanitydim:garland":1,"minecraft:spruce_stairs":5,"minecraft:iron_axe":76,"minecraft:iron_helmet":1,"minecraft:written_book":2,"minecraft:furnace":6,"minecraft:oak_sapling":2,"minecraft:cobbled_deepslate":11,"minecraft:iron_leggings":1,"minecraft:cooked_mutton":1,"minecraft:diorite":7,"minecraft:stone_pickaxe":91,"minecraft:wooden_pickaxe":6,"minecraft:glow_item_frame":3,"minecraft:white_wool":1,"minecraft:crafting_table":6,"minecraft:red_bed":2,"minecraft:bread":5,"minecraft:iron_pickaxe":332,"minecraft:cobblestone":33,"minecraft:cooked_porkchop":14,"minecraft:smooth_stone":1},"minecraft:crafted":{"minecraft:smooth_stone":5,"minecraft:oak_planks":20,"minecraft:furnace":3,"minecraft:blast_furnace":1,"minecraft:stone":5,"sanitydim:garland":2,"minecraft:cooked_mutton":1,"minecraft:iron_boots":1,"minecraft:stone_pickaxe":1,"minecraft:cooked_porkchop":4,"minecraft:crafting_table":5,"minecraft:wooden_pickaxe":1,"minecraft:iron_helmet":1,"minecraft:air":0,"minecraft:iron_chestplate":1,"minecraft:shield":1,"minecraft:stick":40,"minecraft:iron_pickaxe":2,"minecraft:iron_ingot":49,"minecraft:stone_sword":1,"minecraft:iron_leggings":1,"minecraft:light_gray_dye":1,"minecraft:torch":48},"minecraft:picked_up":{"minecraft:crafting_table":2,"minecraft:chicken":1,"minecraft:azure_bluet":2,"minecraft:redstone_block":1,"minecraft:ladder":1,"minecraft:pink_wool":1,"minecraft:stone_brick_stairs":1,"minecraft:red_bed":6,"minecraft:iron_axe":1,"minecraft:cobbled_deepslate":14,"minecraft:smooth_stone":1,"minecraft:spruce_planks":25,"minecraft:written_book":1,"minecraft:furnace":5,"minecraft:stick":2,"minecraft:raw_iron":56,"minecraft:glow_item_frame":3,"minecraft:torch":6,"minecraft:spruce_stairs":5,"extermination:alien_battery":1,"minecraft:pointed_dripstone":2,"tombstone:grave_dust":1,"minecraft:diorite":7,"extermination:scrap_metal":3,"minecraft:rotten_flesh":5,"minecraft:mutton":2,"minecraft:iron_bars":1,"minecraft:white_wool":2,"minecraft:cobblestone":131,"minecraft:clock":1,"minecraft:andesite":3,"minecraft:oak_log":5,"minecraft:gunpowder":1,"minecraft:dirt":24,"minecraft:paper":1,"minecraft:bone":2,"minecraft:stone_bricks":1,"minecraft:raw_gold":4,"minecraft:iron_ingot":3,"minecraft:oak_planks":8,"minecraft:cooked_porkchop":12,"minecraft:sweet_berries":15,"minecraft:dandelion":35,"minecraft:spyglass":1,"minecraft:gravel":4,"minecraft:oak_sapling":2,"minecraft:coal":115},"minecraft:mined":{"minecraft:spruce_planks":24,"minecraft:sculk_vein":3,"minecraft:ladder":1,"minecraft:grass_block":8,"minecraft:polished_diorite":3,"minecraft:spruce_leaves":3,"minecraft:smooth_stone":1,"minecraft:sculk_catalyst":1,"minecraft:furnace":5,"minecraft:iron_ore":49,"minecraft:andesite":3,"treechop:chopped_log":1,"minecraft:azure_bluet":2,"minecraft:pointed_dripstone":1,"minecraft:deepslate_iron_ore":1,"minecraft:vine":1,"minecraft:iron_bars":1,"minecraft:packed_ice":4,"minecraft:stone":106,"minecraft:white_wool":1,"minecraft:glass_pane":2,"minecraft:red_bed":6,"whispers_of_the_wendigo:lumberjack_body":1,"minecraft:dandelion":37,"minecraft:powder_snow":10,"minecraft:torch":5,"minecraft:crafting_table":2,"minecraft:calcite":2,"minecraft:polished_diorite_slab":2,"minecraft:glass":5,"minecraft:tall_grass":5,"minecraft:cobblestone":21,"minecraft:bricks":2,"minecraft:sculk":60,"minecraft:diorite":7,"minecraft:wall_torch":2,"minecraft:spruce_stairs":6,"minecraft:stone_brick_stairs":1,"minecraft:grass":14,"minecraft:oak_log":1,"minecraft:coal_ore":114,"minecraft:gravel":3,"minecraft:dirt":17,"minecraft:stone_bricks":1,"creepingwoods:creeping_oak_log":1,"minecraft:gold_ore":2,"minecraft:deepslate":13,"minecraft:fern":1},"minecraft:custom":{"minecraft:mob_kills":11,"minecraft:interact_with_crafting_table":27,"minecraft:open_barrel":25,"minecraft:interact_with_campfire":12,"minecraft:leave_game":21,"minecraft:time_since_death":42422,"minecraft:climb_one_cm":3446,"minecraft:sprint_one_cm":170889,"minecraft:walk_one_cm":243619,"minecraft:drop":50,"minecraft:play_time":112101,"minecraft:deaths":1,"minecraft:sneak_time":17401,"minecraft:interact_with_lectern":1,"minecraft:jump":1935,"minecraft:walk_on_water_one_cm":5574,"minecraft:total_world_time":112101,"minecraft:interact_with_furnace":87,"minecraft:sleep_in_bed":3,"minecraft:time_since_rest":41479,"minecraft:damage_taken":1608,"minecraft:damage_dealt":2094,"minecraft:fly_one_cm":279776,"minecraft:player_kills":2,"minecraft:open_chest":6,"minecraft:crouch_one_cm":52313,"tombstone:undead_killed":3,"minecraft:fall_one_cm":58905},"minecraft:dropped":{"minecraft:crafting_table":1,"minecraft:cooked_porkchop":1,"whispers_of_the_wendigo:silver_bullet":2,"minecraft:dirt":5,"minecraft:torch":1,"tombstone:grave_dust":1,"minecraft:iron_pickaxe":1,"minecraft:paper":1,"minecraft:white_wool":1,"minecraft:gravel":2,"minecraft:cobbled_deepslate":3,"minecraft:stone_sword":1,"alexsmobs:animal_dictionary":1,"minecraft:rotten_flesh":3,"minecraft:oak_planks":2,"minecraft:azure_bluet":1,"minecraft:gunpowder":1,"minecraft:andesite":3,"minecraft:pink_wool":1,"minecraft:stone_bricks":1,"minecraft:light_gray_dye":1,"minecraft:spruce_log":17,"minecraft:wooden_pickaxe":1,"minecraft:stone_pickaxe":1,"minecraft:raw_gold":2,"minecraft:stone_brick_stairs":1,"minecraft:written_book":1,"whispers_of_the_wendigo:rifle":1},"minecraft:broken":{"whispers_of_the_wendigo:rifle":1,"sanitydim:garland":2}},"DataVersion":3120}