{"stats":{"minecraft:mined":{"minecraft:furnace":1,"minecraft:iron_ore":10,"treechop:chopped_log":1,"minecraft:crafting_table":1,"minecraft:azure_bluet":1,"minecraft:grass":3,"minecraft:grass_block":4,"minecraft:oak_log":1,"minecraft:dirt":12,"minecraft:stone":67,"creepingwoods:creeping_oak_log":1},"minecraft:picked_up":{"minecraft:raw_iron":16,"minecraft:stick":2,"minecraft:crafting_table":1,"minecraft:azure_bluet":1,"minecraft:pink_wool":1,"minecraft:oak_log":5,"minecraft:dirt":16,"minecraft:oak_sapling":2,"minecraft:mutton":2,"minecraft:oak_planks":8,"minecraft:white_wool":1,"minecraft:cobblestone":63,"minecraft:furnace":1},"minecraft:killed":{"minecraft:sheep":2},"minecraft:custom":{"minecraft:time_since_rest":9734,"minecraft:interact_with_furnace":2,"minecraft:sprint_one_cm":22587,"minecraft:damage_taken":20,"minecraft:walk_one_cm":14374,"minecraft:mob_kills":2,"minecraft:drop":1,"minecraft:damage_dealt":160,"minecraft:interact_with_crafting_table":5,"minecraft:fly_one_cm":53327,"minecraft:crouch_one_cm":6967,"minecraft:play_time":9734,"minecraft:sneak_time":2338,"minecraft:jump":221,"minecraft:leave_game":17,"minecraft:time_since_death":9734,"minecraft:total_world_time":9734,"minecraft:fall_one_cm":6848},"minecraft:dropped":{"alexsmobs:animal_dictionary":1},"minecraft:crafted":{"minecraft:oak_planks":20,"minecraft:crafting_table":1,"minecraft:stick":4,"minecraft:wooden_pickaxe":1,"minecraft:iron_ingot":4,"minecraft:stone_pickaxe":1,"minecraft:stone_sword":1,"minecraft:furnace":1,"minecraft:light_gray_dye":1,"minecraft:air":0},"minecraft:used":{"minecraft:stone_sword":4,"minecraft:stone_pickaxe":75,"minecraft:wooden_pickaxe":6,"minecraft:dirt":3,"minecraft:crafting_table":1,"minecraft:furnace":1,"minecraft:oak_sapling":2}},"DataVersion":3120}