{"stats":{"minecraft:broken":{"whispers_of_the_wendigo:rifle":2,"minecraft:iron_boots":1,"minecraft:iron_chestplate":1,"minecraft:iron_leggings":1,"sanitydim:garland":5,"minecraft:iron_pickaxe":1,"minecraft:iron_helmet":1},"minecraft:custom":{"minecraft:interact_with_crafting_table":63,"minecraft:open_barrel":29,"minecraft:leave_game":40,"minecraft:time_since_death":6394,"minecraft:sprint_one_cm":619171,"minecraft:damage_blocked_by_shield":55,"minecraft:drop":166,"minecraft:play_time":371521,"minecraft:deaths":44,"tombstone:tomb_raiding":3,"minecraft:jump":6483,"minecraft:walk_on_water_one_cm":55226,"minecraft:interact_with_furnace":226,"minecraft:sleep_in_bed":12,"tombstone:sneak_grave":1,"minecraft:damage_dealt":30847,"minecraft:player_kills":18,"minecraft:crouch_one_cm":163282,"tombstone:undead_killed":25,"minecraft:interact_with_smoker":97,"minecraft:horse_one_cm":381,"minecraft:mob_kills":113,"minecraft:interact_with_campfire":12,"minecraft:climb_one_cm":23434,"minecraft:walk_one_cm":736544,"minecraft:sneak_time":46549,"minecraft:walk_under_water_one_cm":51330,"minecraft:interact_with_lectern":1,"minecraft:interact_with_blast_furnace":59,"minecraft:total_world_time":371521,"tombstone:raider_killed":4,"minecraft:interact_with_stonecutter":1,"minecraft:time_since_rest":6333,"minecraft:damage_taken":10015827,"minecraft:trigger_trapped_chest":1,"minecraft:swim_one_cm":41786,"minecraft:fly_one_cm":1097977,"minecraft:open_chest":57,"minecraft:fall_one_cm":195125},"minecraft:killed_by":{"doppelgangermod:dpstrawman":2,"the_cuckoo_clock:chuckoo_clock_jumpscare":1,"sackman:sackman":2,"the_cuckoo_clock:chuckoo_clock":2,"sanitydim:rotting_stalker":1,"alexsmobs:cachalot_whale":1,"mimicer:mimicer":4,"man:managgresive":2,"sanitydim:sneaking_terror":1,"minecraft:zombie":1,"kim_dweller:kim_dweller":2,"minecraft:player":11,"humans_refuted:humans_refuted":1,"the_one_who_watches:toww_hunting":1,"dangers_in_the_darkness:fever_dream":1,"minecraft:warden":1},"minecraft:mined":{"minecraft:stone_pressure_plate":1,"minecraft:spruce_planks":24,"minecraft:sculk_vein":7,"minecraft:deepslate_tile_wall":2,"minecraft:grass_block":20,"minecraft:deepslate_bricks":5,"minecraft:polished_diorite":3,"minecraft:smooth_stone":1,"minecraft:mossy_cobblestone_slab":3,"minecraft:sculk_catalyst":1,"minecraft:mossy_cobblestone_stairs":6,"minecraft:dark_oak_trapdoor":1,"minecraft:iron_ore":90,"minecraft:cobbled_deepslate":9,"minecraft:fire":29,"minecraft:deepslate_lapis_ore":6,"minecraft:azure_bluet":2,"minecraft:sculk_shrieker":1,"minecraft:pointed_dripstone":1,"minecraft:iron_bars":2,"minecraft:spruce_pressure_plate":2,"minecraft:spruce_slab":2,"minecraft:tripwire":5,"minecraft:red_bed":10,"minecraft:kelp_plant":3,"whispers_of_the_wendigo:lumberjack_body":1,"minecraft:smoker":3,"minecraft:soul_lantern":1,"minecraft:powder_snow":11,"minecraft:torch":20,"extermination:blood_harvest":3,"minecraft:blast_furnace":5,"minecraft:calcite":9,"minecraft:poppy":1,"minecraft:chest":1,"minecraft:polished_diorite_slab":2,"minecraft:glass":7,"minecraft:cobblestone":33,"minecraft:bricks":3,"minecraft:wall_torch":13,"minecraft:skeleton_skull":1,"minecraft:cyan_wool":6,"minecraft:dark_oak_slab":1,"minecraft:tinted_glass":2,"minecraft:tnt":4,"minecraft:wither_rose":1,"minecraft:stone_brick_stairs":1,"minecraft:grass":70,"minecraft:cracked_deepslate_tiles":1,"minecraft:oak_log":1,"minecraft:sand":15,"minecraft:dirt":19,"minecraft:tripwire_hook":1,"minecraft:netherrack":7,"minecraft:oak_leaves":3,"minecraft:deepslate":34,"minecraft:tuff":9,"minecraft:light_blue_wool":8,"minecraft:mossy_cobblestone":15,"minecraft:deepslate_diamond_ore":2,"minecraft:dark_oak_log":1,"minecraft:ladder":1,"minecraft:redstone_wire":1,"minecraft:spruce_leaves":6,"minecraft:kelp":2,"minecraft:hay_block":29,"minecraft:furnace":9,"minecraft:andesite":3,"treechop:chopped_log":1,"minecraft:gold_block":8,"minecraft:polished_deepslate":1,"minecraft:deepslate_iron_ore":24,"minecraft:vine":5,"minecraft:packed_ice":4,"minecraft:stone":138,"minecraft:white_wool":3,"minecraft:podzol":1,"minecraft:acacia_leaves":1,"minecraft:glass_pane":2,"whispers_of_the_wendigo:mangled_cow":1,"minecraft:dandelion":61,"minecraft:polished_granite":1,"boh:kindness_flower":1,"minecraft:crafting_table":5,"minecraft:emerald_ore":1,"minecraft:copper_ore":54,"minecraft:tall_grass":16,"minecraft:deepslate_gold_ore":7,"minecraft:cracked_deepslate_bricks":7,"minecraft:sculk":92,"minecraft:diorite":7,"minecraft:spruce_stairs":6,"minecraft:gray_wool":42,"minecraft:sweet_berry_bush":26,"minecraft:birch_leaves":1,"minecraft:coal_ore":206,"minecraft:gravel":5,"minecraft:stone_bricks":1,"creepingwoods:creeping_oak_log":1,"minecraft:mossy_stone_bricks":1,"minecraft:gold_ore":2,"minecraft:fern":3},"minecraft:used":{"minecraft:ladder":2,"minecraft:diamond_hoe":25,"minecraft:shield":1,"minecraft:rotten_flesh":2,"minecraft:iron_chestplate":2,"minecraft:mutton":1,"sanitydim:garland":3,"minecraft:cyan_wool":5,"minecraft:iron_helmet":1,"minecraft:written_book":2,"minecraft:sweet_berries":55,"minecraft:oak_sapling":2,"minecraft:furnace":12,"minecraft:diorite":7,"minecraft:spruce_door":3,"minecraft:stone_pickaxe":91,"minecraft:wooden_pickaxe":6,"minecraft:white_wool":3,"minecraft:sand":7,"minecraft:light_blue_wool":8,"minecraft:blast_furnace":5,"minecraft:shears":55,"minecraft:redstone_torch":1,"minecraft:bread":13,"minecraft:polished_granite":1,"minecraft:soul_lantern":1,"minecraft:iron_bars":1,"minecraft:stone_sword":24,"minecraft:cracked_deepslate_bricks":1,"minecraft:spruce_planks":86,"minecraft:netherrack":1,"minecraft:torch":74,"minecraft:dirt":30,"minecraft:spyglass":15,"minecraft:spruce_stairs":5,"minecraft:iron_axe":142,"minecraft:beef":2,"tombstone:gift":3,"minecraft:cooked_beef":28,"minecraft:cobbled_deepslate":23,"minecraft:iron_leggings":1,"minecraft:cooked_mutton":1,"minecraft:glow_item_frame":3,"anthropology_items__structures:hunters_machete":580,"minecraft:crafting_table":13,"minecraft:red_bed":12,"minecraft:smoker":2,"minecraft:chicken":1,"minecraft:iron_pickaxe":773,"minecraft:spruce_pressure_plate":1,"minecraft:fishing_rod":3,"minecraft:cobblestone":119,"minecraft:cooked_porkchop":17,"minecraft:gray_wool":26,"minecraft:smooth_stone":1},"minecraft:dropped":{"minecraft:iron_sword":1,"minecraft:candle":6,"minecraft:oak_log":1,"minecraft:crafting_table":1,"minecraft:cooked_porkchop":1,"minecraft:deepslate_tile_wall":2,"whispers_of_the_wendigo:silver_bullet":2,"alexsmobs:bison_fur":7,"minecraft:leather_helmet":1,"sophisticatedbackpacks:gold_backpack":1,"minecraft:flint":1,"minecraft:dirt":52,"minecraft:red_bed":1,"minecraft:stone_button":2,"minecraft:mutton":2,"minecraft:dark_oak_trapdoor":1,"minecraft:gold_nugget":2,"minecraft:sand":12,"minecraft:iron_pickaxe":3,"minecraft:white_wool":1,"minecraft:bone":4,"minecraft:gravel":3,"minecraft:compass":1,"minecraft:cobbled_deepslate":18,"alexsmobs:animal_dictionary":2,"tombstone:gift":2,"minecraft:soul_lantern":1,"minecraft:rotten_flesh":13,"minecraft:oak_planks":2,"minecraft:azure_bluet":1,"minecraft:gunpowder":1,"minecraft:ladder":2,"minecraft:arrow":2,"minecraft:beef":3,"minecraft:stone_brick_stairs":1,"minecraft:written_book":1,"whispers_of_the_wendigo:rifle":1,"minecraft:enchanting_table":1,"minecraft:lectern":1,"minecraft:iron_ingot":27,"minecraft:bread":2,"minecraft:wheat_seeds":12,"anthropology_items__structures:hunters_machete":1,"minecraft:cobblestone":4,"minecraft:book":14,"minecraft:disc_fragment_5":2,"minecraft:coal":64,"minecraft:cobweb":7,"minecraft:iron_block":4,"minecraft:mossy_cobblestone_slab":3,"minecraft:sculk":8,"minecraft:torch":47,"minecraft:map":1,"minecraft:green_carpet":6,"minecraft:iron_leggings":1,"tombstone:grave_dust":2,"minecraft:potion":2,"minecraft:dead_bush":1,"minecraft:iron_axe":3,"minecraft:paper":3,"minecraft:dandelion":2,"minecraft:bricks":3,"minecraft:stone_sword":1,"minecraft:gray_glazed_terracotta":4,"minecraft:tuff":5,"minecraft:chicken":2,"minecraft:light_gray_wool":1,"minecraft:oak_sign":6,"extermination:scrap_metal":4,"minecraft:deepslate_bricks":1,"minecraft:cyan_wool":1,"minecraft:iron_chestplate":2,"horror_element_mod:human_remains":4,"minecraft:andesite":3,"minecraft:pink_wool":1,"minecraft:stone_bricks":1,"minecraft:light_gray_dye":1,"minecraft:spruce_log":17,"minecraft:stone_pickaxe":1,"minecraft:wooden_pickaxe":1,"minecraft:raw_gold":2},"minecraft:crafted":{"minecraft:oak_planks":20,"minecraft:smooth_stone":5,"minecraft:cooked_chicken":2,"minecraft:stone":5,"minecraft:cooked_mutton":7,"minecraft:iron_boots":2,"minecraft:smoker":1,"sophisticatedbackpacks:backpack":1,"minecraft:cooked_porkchop":19,"minecraft:crafting_table":8,"minecraft:wooden_pickaxe":1,"minecraft:iron_helmet":2,"minecraft:spruce_door":3,"minecraft:copper_ingot":184,"minecraft:iron_chestplate":2,"minecraft:shield":1,"minecraft:stick":44,"minecraft:iron_ingot":113,"minecraft:iron_pickaxe":4,"minecraft:stone_sword":1,"minecraft:gold_ingot":24,"minecraft:light_gray_dye":1,"minecraft:shears":1,"minecraft:furnace":3,"minecraft:blast_furnace":1,"sanitydim:garland":5,"minecraft:stone_pickaxe":1,"minecraft:wheat":237,"sophisticatedbackpacks:iron_backpack":1,"minecraft:cooked_beef":126,"minecraft:cooked_salmon":8,"minecraft:bread":84,"minecraft:air":0,"minecraft:iron_leggings":2,"minecraft:torch":48},"minecraft:killed":{"alexsmobs:lobster":1,"doppelgangermod:dpstrawman":2,"minecraft:spider":8,"dangers_in_the_darkness:fever_dream":1,"doppelgangermod:dpcow":1,"minecraft:skeleton":6,"alexsmobs:orca":1,"minecraft:chicken":4,"minecraft:silverfish":15,"humans_refuted:humans_refuted":1,"minecraft:pig":11,"boh:rake":1,"bwrtherain:spider_skull":2,"minecraft:creeper":1,"minecraft:sheep":8,"minecraft:pillager":4,"minecraft:zombie":18,"minecraft:cow":11,"alexsmobs:bison":7,"minecraft:drowned":1,"extermination:tripod_body":2},"minecraft:picked_up":{"minecraft:iron_chestplate":1,"minecraft:wheat":15,"minecraft:redstone_block":2,"minecraft:potion":2,"minecraft:stone_brick_stairs":1,"minecraft:string":9,"minecraft:dark_oak_trapdoor":1,"minecraft:raw_copper":191,"minecraft:iron_leggings":1,"minecraft:oak_sign":6,"minecraft:cobbled_deepslate":42,"minecraft:tnt_minecart":1,"minecraft:gold_nugget":2,"minecraft:smooth_stone":1,"minecraft:spruce_planks":118,"minecraft:written_book":1,"minecraft:calcite":3,"minecraft:iron_pickaxe":1,"minecraft:deepslate_tile_wall":2,"minecraft:furnace":12,"minecraft:iron_boots":1,"minecraft:spruce_pressure_plate":1,"minecraft:stick":27,"minecraft:torch":35,"minecraft:spruce_stairs":5,"whispers_of_the_wendigo:silver_bullet":5,"minecraft:porkchop":15,"minecraft:pointed_dripstone":2,"tombstone:grave_dust":2,"minecraft:diorite":7,"extermination:scrap_metal":12,"minecraft:rotten_flesh":13,"minecraft:light_blue_wool":8,"minecraft:iron_block":3,"minecraft:iron_bars":1,"minecraft:cobblestone":285,"minecraft:enchanting_table":1,"minecraft:mossy_cobblestone_slab":3,"minecraft:andesite":3,"minecraft:smoker":3,"alexsmobs:bison_fur":10,"minecraft:flint":1,"minecraft:tuff":6,"anthropology_items__structures:hunters_machete":1,"minecraft:map":1,"minecraft:lapis_lazuli":40,"minecraft:dirt":35,"minecraft:polished_granite":1,"minecraft:bone":11,"minecraft:bow":1,"minecraft:wheat_seeds":18,"minecraft:raw_gold":17,"minecraft:oak_planks":8,"minecraft:cooked_porkchop":12,"minecraft:sand":19,"minecraft:dead_bush":1,"alexsmobs:animal_dictionary":1,"minecraft:dark_oak_log":1,"minecraft:bundle":1,"minecraft:diamond":2,"minecraft:soul_lantern":2,"minecraft:emerald":2,"alexsmobs:maggot":2,"minecraft:netherrack":1,"minecraft:oak_sapling":2,"minecraft:bricks":3,"minecraft:crafting_table":6,"minecraft:azure_bluet":2,"minecraft:chicken":5,"minecraft:ladder":4,"minecraft:pink_wool":1,"minecraft:gold_block":8,"minecraft:red_bed":19,"minecraft:iron_axe":5,"minecraft:compass":1,"horror_element_mod:human_remains":4,"minecraft:candle":3,"tombstone:scroll_of_unstable_intangibility":1,"minecraft:beef":123,"minecraft:cyan_wool":6,"minecraft:spruce_slab":1,"minecraft:light_gray_wool":2,"minecraft:lectern":1,"minecraft:chest":1,"minecraft:raw_iron":131,"minecraft:glow_item_frame":3,"sophisticatedbackpacks:backpack":2,"extermination:alien_battery":2,"minecraft:stone_button":2,"minecraft:arrow":1,"minecraft:deepslate_bricks":1,"minecraft:hay_block":28,"minecraft:cracked_deepslate_bricks":1,"tombstone:essence_of_undeath":1,"minecraft:saddle":1,"minecraft:gold_ingot":1,"minecraft:mutton":10,"minecraft:skeleton_skull":1,"minecraft:white_wool":9,"minecraft:clock":2,"minecraft:leather":25,"minecraft:oak_log":6,"minecraft:gunpowder":1,"minecraft:paper":3,"tombstone:gift":1,"minecraft:stone_bricks":1,"minecraft:gray_carpet":1,"minecraft:kelp":4,"minecraft:iron_ingot":21,"minecraft:cobweb":7,"minecraft:book":11,"minecraft:dark_oak_slab":1,"minecraft:emerald_block":2,"minecraft:sculk":10,"minecraft:sweet_berries":123,"whispers_of_the_wendigo:rifle":1,"minecraft:dandelion":77,"minecraft:spyglass":2,"minecraft:gravel":6,"minecraft:blast_furnace":6,"minecraft:spruce_log":47,"minecraft:green_carpet":4,"minecraft:leather_helmet":1,"minecraft:stone_axe":1,"tacz:modern_kinetic_gun":1,"minecraft:iron_helmet":1,"minecraft:gray_wool":42,"minecraft:coal":272}},"DataVersion":3120}