{"stats":{"minecraft:picked_up":{"minecraft:stick":2,"minecraft:crafting_table":1,"minecraft:redstone_block":2,"minecraft:apple":1,"minecraft:dandelion":8,"minecraft:iron_block":1,"minecraft:iron_ingot":6,"extermination:alien_battery":2,"minecraft:oak_log":6,"minecraft:oak_sapling":1,"extermination:scrap_metal":8},"minecraft:mined":{"minecraft:grass":1,"minecraft:tall_grass":2,"minecraft:dandelion":8,"minecraft:powder_snow":1,"treechop:chopped_log":1,"minecraft:crafting_table":1},"minecraft:killed":{"extermination:tripod_body":1},"minecraft:custom":{"minecraft:time_since_rest":15776,"minecraft:sprint_one_cm":4696,"minecraft:play_time":15776,"minecraft:walk_one_cm":61860,"minecraft:damage_taken":20,"minecraft:mob_kills":1,"minecraft:jump":153,"minecraft:damage_dealt":100,"minecraft:leave_game":2,"minecraft:time_since_death":15776,"minecraft:total_world_time":15776,"minecraft:interact_with_crafting_table":2,"minecraft:fall_one_cm":3055,"minecraft:fly_one_cm":5819},"minecraft:used":{"minecraft:crafting_table":1,"alexsmobs:animal_dictionary":3},"minecraft:crafted":{"minecraft:oak_planks":24,"sanitydim:garland":1,"minecraft:crafting_table":1,"minecraft:stick":4,"minecraft:wooden_pickaxe":1}},"DataVersion":3120}