{"stats":{"minecraft:killed":{"extermination:tripod_body":1},"minecraft:used":{"minecraft:stone_sword":1,"minecraft:wooden_pickaxe":37,"minecraft:stone_brick_stairs":1,"minecraft:cobblestone":6,"minecraft:crafting_table":2,"minecraft:red_bed":1,"minecraft:spruce_stairs":1,"minecraft:cooked_porkchop":1,"alexsmobs:animal_dictionary":3},"minecraft:crafted":{"minecraft:oak_planks":24,"minecraft:shield":1,"minecraft:crafting_table":1,"minecraft:stick":20,"minecraft:wooden_pickaxe":1,"minecraft:stone_pickaxe":1,"minecraft:stone_sword":1,"sanitydim:garland":1},"minecraft:picked_up":{"minecraft:stick":2,"minecraft:crafting_table":1,"minecraft:redstone_block":2,"minecraft:cooked_porkchop":1,"whispers_of_the_wendigo:rifle":1,"minecraft:glow_item_frame":1,"minecraft:torch":1,"minecraft:dandelion":17,"minecraft:spruce_stairs":1,"whispers_of_the_wendigo:silver_bullet":2,"extermination:alien_battery":2,"minecraft:stone_brick_stairs":1,"minecraft:oak_log":6,"minecraft:spruce_log":17,"extermination:scrap_metal":8,"minecraft:red_bed":1,"minecraft:bone":2,"minecraft:apple":1,"minecraft:iron_ingot":6,"minecraft:iron_block":1,"minecraft:oak_sapling":1,"minecraft:mutton":3,"minecraft:snowball":28,"minecraft:cobblestone":36},"minecraft:mined":{"whispers_of_the_wendigo:mangled_sheep":1,"minecraft:red_bed":1,"minecraft:dandelion":17,"minecraft:powder_snow":4,"treechop:chopped_log":1,"minecraft:crafting_table":1,"minecraft:grass":1,"minecraft:tall_grass":2,"minecraft:cobblestone":3,"minecraft:stone":34},"minecraft:custom":{"minecraft:time_since_rest":2930,"minecraft:sprint_one_cm":6708,"minecraft:damage_taken":170,"minecraft:walk_one_cm":123671,"minecraft:mob_kills":1,"minecraft:damage_dealt":178,"minecraft:interact_with_crafting_table":6,"minecraft:fly_one_cm":8431,"minecraft:open_barrel":5,"minecraft:open_chest":2,"minecraft:crouch_one_cm":2893,"minecraft:play_time":43463,"minecraft:sneak_time":1307,"minecraft:walk_under_water_one_cm":110,"minecraft:jump":311,"minecraft:leave_game":5,"minecraft:walk_on_water_one_cm":5043,"minecraft:time_since_death":43463,"minecraft:sleep_in_bed":2,"minecraft:total_world_time":43463,"minecraft:fall_one_cm":4959}},"DataVersion":3120}