{"stats":{"minecraft:killed":{"minecraft:spider":1,"minecraft:creeper":1,"minecraft:zombie":2,"extermination:tripod_body":1},"minecraft:killed_by":{"minecraft:player":1,"the_cuckoo_clock:chuckoo_clock_jumpscare":1,"dark_dweller:dark_dweller":1,"kim_dweller:kim_dweller":1},"minecraft:used":{"minecraft:diorite":2,"minecraft:writable_book":1,"minecraft:stone_sword":28,"minecraft:spruce_slab":2,"minecraft:stone_pickaxe":132,"minecraft:oak_planks":7,"minecraft:spruce_planks":3,"minecraft:wooden_pickaxe":37,"minecraft:leather_chestplate":1,"minecraft:torch":7,"minecraft:crafting_table":3,"minecraft:red_bed":1,"minecraft:spruce_stairs":1,"minecraft:dripstone_block":3,"minecraft:bricks":4,"minecraft:apple":2,"minecraft:iron_pickaxe":23,"minecraft:map":1,"minecraft:pink_wool":1,"minecraft:stone_brick_stairs":1,"minecraft:stone_axe":4,"minecraft:cobblestone":21,"minecraft:cooked_porkchop":3,"minecraft:andesite":3,"tombstone:gift":2,"alexsmobs:animal_dictionary":3,"minecraft:cobbled_deepslate":1,"minecraft:pointed_dripstone":2},"minecraft:crafted":{"minecraft:oak_planks":40,"minecraft:crafting_table":2,"minecraft:wooden_pickaxe":1,"sanitydim:garland":1,"minecraft:shield":1,"minecraft:stick":20,"minecraft:iron_pickaxe":1,"minecraft:iron_ingot":9,"minecraft:stone_pickaxe":1,"minecraft:stone_sword":1,"minecraft:torch":4},"minecraft:picked_up":{"minecraft:crafting_table":3,"minecraft:polished_diorite_slab":4,"minecraft:redstone_block":2,"minecraft:andesite":3,"minecraft:pink_wool":1,"minecraft:stone_brick_stairs":1,"minecraft:oak_log":6,"minecraft:gunpowder":1,"minecraft:lapis_lazuli":64,"minecraft:map":1,"minecraft:string":1,"minecraft:red_bed":2,"minecraft:bone":2,"minecraft:apple":1,"minecraft:cobbled_deepslate":1,"minecraft:spruce_planks":3,"minecraft:iron_ingot":6,"the_cuckoo_clock:old_folk_book":1,"minecraft:spruce_slab":2,"minecraft:oak_planks":2,"minecraft:furnace":2,"minecraft:stick":2,"minecraft:raw_iron":57,"minecraft:cooked_porkchop":3,"minecraft:glow_item_frame":1,"whispers_of_the_wendigo:rifle":1,"minecraft:torch":4,"minecraft:dandelion":24,"whispers_of_the_wendigo:silver_bullet":2,"minecraft:spruce_stairs":1,"minecraft:dripstone_block":3,"extermination:alien_battery":2,"minecraft:spruce_sapling":1,"minecraft:pointed_dripstone":2,"minecraft:diorite":3,"minecraft:spruce_log":17,"extermination:scrap_metal":8,"minecraft:spider_eye":1,"minecraft:rotten_flesh":2,"minecraft:polished_diorite":3,"minecraft:writable_book":1,"minecraft:iron_block":1,"minecraft:oak_sapling":1,"minecraft:mutton":3,"minecraft:bricks":4,"minecraft:coal":15,"minecraft:snowball":28,"minecraft:cobblestone":77},"minecraft:mined":{"whispers_of_the_wendigo:mangled_sheep":1,"minecraft:spruce_planks":4,"minecraft:red_bed":2,"minecraft:dandelion":24,"minecraft:powder_snow":4,"minecraft:crafting_table":2,"minecraft:torch":2,"minecraft:glass":4,"minecraft:cobblestone":9,"minecraft:tall_grass":2,"minecraft:spruce_leaves":7,"minecraft:lapis_ore":10,"minecraft:oak_planks":2,"minecraft:bricks":2,"minecraft:sculk":2,"minecraft:diorite":3,"minecraft:wall_torch":1,"minecraft:furnace":2,"minecraft:iron_ore":44,"minecraft:andesite":3,"treechop:chopped_log":1,"minecraft:grass":2,"minecraft:pointed_dripstone":2,"minecraft:coal_ore":12,"minecraft:deepslate_iron_ore":13,"minecraft:dripstone_block":3,"minecraft:stone":79,"minecraft:deepslate":1,"minecraft:spruce_slab":2},"minecraft:custom":{"minecraft:mob_kills":6,"minecraft:interact_with_crafting_table":7,"minecraft:open_barrel":7,"minecraft:leave_game":5,"minecraft:climb_one_cm":4270,"minecraft:time_since_death":4950,"minecraft:sleep_in_bed":2,"minecraft:time_since_rest":4700,"minecraft:sprint_one_cm":27795,"minecraft:damage_taken":1805,"minecraft:walk_one_cm":344288,"minecraft:drop":10,"minecraft:damage_dealt":1434,"minecraft:fly_one_cm":33004,"minecraft:open_chest":5,"minecraft:crouch_one_cm":4898,"minecraft:play_time":79463,"tombstone:undead_killed":2,"minecraft:deaths":5,"minecraft:sneak_time":1826,"minecraft:walk_under_water_one_cm":504,"minecraft:interact_with_lectern":1,"minecraft:jump":891,"minecraft:walk_on_water_one_cm":6285,"minecraft:total_world_time":79463,"minecraft:fall_one_cm":15455},"minecraft:dropped":{"minecraft:polished_diorite":3,"minecraft:polished_diorite_slab":4,"alexsmobs:animal_dictionary":1,"minecraft:crafting_table":1,"minecraft:rotten_flesh":2,"minecraft:filled_map":1,"minecraft:oak_sapling":1,"minecraft:writable_book":1,"minecraft:wooden_pickaxe":1,"minecraft:spruce_sapling":1},"minecraft:broken":{"minecraft:stone_pickaxe":1}},"DataVersion":3120}