{"stats":{"minecraft:killed":{"minecraft:spider":1,"extermination:tripod_body":2,"minecraft:creeper":2,"alexsmobs:gelada_monkey":1,"minecraft:zombie":4},"minecraft:killed_by":{"minecraft:player":3,"the_cuckoo_clock:chuckoo_clock_jumpscare":2,"the_cuckoo_clock:chuckoo_clock":1,"mimicer:mimicer":2,"minecraft:skeleton":1,"minecraft:zombie":1,"dark_dweller:dark_dweller":1,"kim_dweller:kim_dweller":1},"minecraft:used":{"minecraft:writable_book":1,"minecraft:stone_sword":59,"minecraft:flint_and_steel":7,"minecraft:spruce_slab":2,"minecraft:ladder":1,"minecraft:spruce_planks":3,"minecraft:shield":1,"minecraft:iron_chestplate":1,"minecraft:torch":11,"minecraft:dirt":3,"minecraft:spruce_stairs":1,"minecraft:snowball":12,"minecraft:bricks":4,"minecraft:pink_wool":1,"minecraft:stone_brick_stairs":1,"minecraft:written_book":1,"minecraft:furnace":2,"tombstone:gift":4,"minecraft:cobbled_deepslate":6,"minecraft:pointed_dripstone":2,"minecraft:diorite":2,"minecraft:stone_pickaxe":132,"minecraft:oak_planks":14,"minecraft:leather_chestplate":1,"minecraft:wooden_pickaxe":37,"minecraft:crafting_table":6,"minecraft:red_bed":2,"minecraft:dripstone_block":3,"minecraft:apple":2,"minecraft:iron_pickaxe":77,"minecraft:map":1,"tombstone:magic_scroll":1,"minecraft:gravel":2,"minecraft:stone_axe":19,"minecraft:cobblestone":21,"minecraft:cooked_porkchop":3,"minecraft:andesite":3,"alexsmobs:animal_dictionary":3},"minecraft:crafted":{"minecraft:oak_planks":40,"sanitydim:garland":2,"minecraft:flint_and_steel":1,"minecraft:iron_boots":1,"minecraft:stone_pickaxe":1,"minecraft:crafting_table":2,"minecraft:wooden_pickaxe":1,"minecraft:iron_helmet":1,"minecraft:air":0,"minecraft:iron_chestplate":1,"minecraft:shield":1,"minecraft:stick":20,"minecraft:iron_pickaxe":1,"minecraft:iron_ingot":26,"minecraft:stone_sword":1,"minecraft:iron_leggings":1,"minecraft:torch":4},"minecraft:picked_up":{"minecraft:crafting_table":5,"minecraft:redstone_block":2,"minecraft:ladder":1,"minecraft:pink_wool":1,"minecraft:gold_block":1,"minecraft:stone_brick_stairs":1,"minecraft:string":1,"minecraft:red_bed":3,"minecraft:cobbled_deepslate":8,"minecraft:spruce_planks":3,"the_cuckoo_clock:old_folk_book":1,"minecraft:written_book":1,"minecraft:spruce_slab":2,"minecraft:furnace":2,"minecraft:stick":3,"minecraft:raw_iron":95,"minecraft:glow_item_frame":1,"minecraft:torch":8,"minecraft:spruce_stairs":1,"whispers_of_the_wendigo:silver_bullet":2,"extermination:alien_battery":2,"minecraft:pointed_dripstone":2,"minecraft:diorite":3,"extermination:scrap_metal":12,"minecraft:rabbit_foot":1,"minecraft:rotten_flesh":2,"minecraft:iron_block":2,"minecraft:mutton":3,"minecraft:snowball":28,"minecraft:cobblestone":81,"minecraft:polished_diorite_slab":4,"minecraft:andesite":3,"minecraft:flint":1,"minecraft:oak_log":6,"minecraft:gunpowder":1,"minecraft:lapis_lazuli":64,"minecraft:map":1,"minecraft:dirt":3,"tombstone:gift":1,"minecraft:white_banner":4,"minecraft:bone":2,"minecraft:apple":1,"minecraft:wheat_seeds":2,"minecraft:iron_ingot":7,"minecraft:oak_planks":2,"minecraft:cooked_porkchop":3,"minecraft:sweet_berries":6,"whispers_of_the_wendigo:rifle":1,"minecraft:dandelion":33,"minecraft:gravel":2,"minecraft:dripstone_block":3,"minecraft:spruce_sapling":6,"minecraft:spruce_log":24,"minecraft:spider_eye":1,"minecraft:polished_diorite":3,"minecraft:writable_book":1,"tombstone:magic_scroll":1,"minecraft:oak_sapling":2,"minecraft:coal":15,"minecraft:bricks":4},"minecraft:mined":{"whispers_of_the_wendigo:mangled_sheep":1,"minecraft:spruce_planks":4,"minecraft:grass_block":2,"minecraft:spruce_leaves":7,"minecraft:furnace":2,"minecraft:iron_ore":76,"minecraft:andesite":3,"treechop:chopped_log":2,"minecraft:gold_block":1,"minecraft:pointed_dripstone":2,"minecraft:deepslate_iron_ore":19,"minecraft:stone":82,"minecraft:spruce_slab":2,"minecraft:red_bed":3,"minecraft:dandelion":35,"minecraft:powder_snow":4,"minecraft:crafting_table":4,"minecraft:torch":3,"minecraft:glass":4,"minecraft:tall_grass":2,"minecraft:cobblestone":10,"minecraft:lapis_ore":10,"minecraft:oak_planks":2,"minecraft:bricks":2,"minecraft:sculk":2,"minecraft:diorite":3,"minecraft:wall_torch":4,"horror_element_mod:spiked_villager":1,"minecraft:white_wall_banner":4,"minecraft:grass":12,"minecraft:coal_ore":12,"minecraft:gravel":2,"minecraft:dripstone_block":3,"minecraft:dirt":2,"minecraft:oak_leaves":2,"minecraft:deepslate":10},"minecraft:custom":{"minecraft:mob_kills":11,"minecraft:interact_with_crafting_table":12,"minecraft:open_barrel":7,"minecraft:leave_game":6,"minecraft:time_since_death":1702,"minecraft:climb_one_cm":5188,"minecraft:sprint_one_cm":36800,"minecraft:walk_one_cm":550910,"minecraft:damage_blocked_by_shield":40,"minecraft:drop":22,"minecraft:play_time":114902,"minecraft:deaths":13,"minecraft:sneak_time":2791,"minecraft:walk_under_water_one_cm":1713,"minecraft:interact_with_lectern":1,"minecraft:jump":1263,"minecraft:walk_on_water_one_cm":6585,"minecraft:total_world_time":114902,"minecraft:interact_with_furnace":5,"minecraft:sleep_in_bed":3,"minecraft:time_since_rest":1515,"minecraft:damage_taken":4395,"minecraft:trigger_trapped_chest":3,"minecraft:damage_dealt":2511,"minecraft:player_kills":1,"minecraft:swim_one_cm":3871,"minecraft:fly_one_cm":53793,"minecraft:open_chest":8,"minecraft:crouch_one_cm":9138,"tombstone:undead_killed":4,"minecraft:fall_one_cm":20956},"minecraft:dropped":{"minecraft:wheat_seeds":2,"minecraft:crafting_table":1,"minecraft:glow_item_frame":1,"minecraft:diorite":1,"minecraft:writable_book":1,"minecraft:spruce_sapling":6,"minecraft:dandelion":1,"minecraft:polished_diorite":3,"minecraft:sweet_berries":6,"minecraft:cobbled_deepslate":2,"minecraft:polished_diorite_slab":4,"alexsmobs:animal_dictionary":1,"minecraft:rotten_flesh":2,"minecraft:oak_planks":1,"minecraft:rabbit_foot":1,"minecraft:filled_map":1,"minecraft:oak_sapling":2,"minecraft:wooden_pickaxe":1,"minecraft:written_book":1},"minecraft:broken":{"minecraft:leather_helmet":1,"whispers_of_the_wendigo:rifle":1,"sanitydim:garland":2,"minecraft:leather_chestplate":1,"minecraft:stone_pickaxe":1}},"DataVersion":3120}