{"stats":{"minecraft:killed_by":{"minecraft:player":12,"the_cuckoo_clock:chuckoo_clock_jumpscare":4,"humans_refuted:humans_refuted":1,"the_cuckoo_clock:chuckoo_clock":1,"dangers_in_the_darkness:fever_dream":3,"alexsmobs:bison":1,"mimicer:mimicer":2,"man:managgresive":3,"apollyon:the_damned":1,"minecraft:skeleton":1,"minecraft:zombie":1,"dark_dweller:dark_dweller":1,"kim_dweller:kim_dweller":1},"minecraft:custom":{"minecraft:mob_kills":75,"minecraft:interact_with_crafting_table":25,"minecraft:open_barrel":7,"minecraft:damage_dealt_resisted":194,"minecraft:leave_game":9,"minecraft:time_since_death":14776,"minecraft:climb_one_cm":10446,"minecraft:sprint_one_cm":170491,"minecraft:walk_one_cm":934069,"minecraft:damage_blocked_by_shield":230,"minecraft:drop":85,"minecraft:damage_dealt_absorbed":10,"minecraft:play_time":223143,"minecraft:sneak_time":10841,"minecraft:deaths":36,"minecraft:walk_under_water_one_cm":20629,"minecraft:interact_with_lectern":6,"minecraft:jump":2473,"minecraft:walk_on_water_one_cm":51908,"minecraft:total_world_time":223143,"minecraft:interact_with_furnace":35,"minecraft:sleep_in_bed":5,"minecraft:time_since_rest":1916,"minecraft:damage_taken":11914,"minecraft:trigger_trapped_chest":4,"minecraft:damage_dealt":17144,"minecraft:player_kills":11,"minecraft:swim_one_cm":33951,"minecraft:fly_one_cm":237707,"minecraft:open_chest":24,"minecraft:crouch_one_cm":56963,"tombstone:undead_killed":18,"minecraft:fall_one_cm":48508},"minecraft:broken":{"minecraft:leather_helmet":1,"whispers_of_the_wendigo:rifle":1,"minecraft:iron_boots":1,"minecraft:iron_leggings":1,"sanitydim:garland":3,"minecraft:leather_chestplate":1,"minecraft:stone_pickaxe":1,"minecraft:iron_helmet":1},"minecraft:mined":{"minecraft:tuff":17,"whispers_of_the_wendigo:mangled_sheep":1,"minecraft:spruce_planks":4,"minecraft:mossy_cobblestone":4,"minecraft:grass_block":2,"minecraft:spruce_leaves":7,"minecraft:moss_block":1,"tacz:gun_smith_table":3,"minecraft:raw_iron_block":2,"minecraft:mossy_cobblestone_slab":1,"minecraft:furnace":5,"minecraft:mossy_cobblestone_stairs":2,"minecraft:iron_ore":76,"minecraft:cobbled_deepslate":5,"minecraft:andesite":3,"treechop:chopped_log":2,"minecraft:gold_block":1,"minecraft:pointed_dripstone":2,"minecraft:deepslate_iron_ore":73,"minecraft:vine":2,"minecraft:stone":82,"minecraft:spruce_slab":2,"minecraft:red_bed":4,"minecraft:dandelion":35,"minecraft:powder_snow":4,"minecraft:crafting_table":8,"minecraft:torch":3,"extermination:blood_harvest":1,"minecraft:calcite":5,"minecraft:chest":2,"minecraft:glass":4,"minecraft:tall_grass":5,"minecraft:cobblestone":34,"minecraft:lapis_ore":10,"minecraft:sculk":2,"minecraft:bricks":2,"minecraft:oak_planks":2,"minecraft:diorite":3,"minecraft:wall_torch":4,"horror_element_mod:spiked_villager":1,"horror_element_mod:human_remains":1,"minecraft:white_wall_banner":4,"minecraft:grass":23,"minecraft:coal_ore":12,"minecraft:gravel":2,"minecraft:dripstone_block":3,"minecraft:dirt":8,"minecraft:cobweb":5,"minecraft:stonecutter":1,"minecraft:oak_leaves":2,"minecraft:deepslate":21},"minecraft:dropped":{"minecraft:candle":3,"minecraft:iron_sword":1,"boh:kindness_flower":4,"minecraft:wheat_seeds":10,"minecraft:deepslate_brick_wall":5,"minecraft:crafting_table":1,"anthropology_items__structures:hunters_machete":1,"minecraft:glow_berries":1,"minecraft:book":15,"minecraft:glow_item_frame":1,"minecraft:lantern":1,"minecraft:saddle":1,"minecraft:polished_blackstone_button":1,"alexsmobs:bison_fur":5,"minecraft:red_bed":2,"minecraft:diorite":1,"minecraft:dark_oak_fence":2,"minecraft:dark_oak_wood":1,"minecraft:potion":1,"tombstone:grave_dust":1,"minecraft:writable_book":1,"minecraft:gold_nugget":3,"minecraft:pumpkin":2,"minecraft:sand":15,"minecraft:iron_axe":3,"minecraft:polished_basalt":8,"minecraft:iron_pickaxe":2,"minecraft:smooth_stone":3,"minecraft:spruce_sapling":6,"minecraft:dandelion":1,"minecraft:redstone":4,"minecraft:polished_diorite":4,"minecraft:note_block":1,"minecraft:stone_axe":1,"minecraft:kelp":8,"minecraft:compass":1,"minecraft:sweet_berries":6,"minecraft:smooth_stone_slab":3,"minecraft:polished_diorite_slab":4,"minecraft:stone_sword":1,"alexsmobs:animal_dictionary":1,"minecraft:cobbled_deepslate":2,"minecraft:tuff":2,"minecraft:raw_iron":6,"minecraft:deepslate_brick_slab":9,"minecraft:rotten_flesh":16,"minecraft:oak_planks":1,"minecraft:rabbit_foot":1,"minecraft:deepslate_bricks":3,"minecraft:filled_map":1,"minecraft:shield":1,"minecraft:skull_banner_pattern":2,"minecraft:iron_chestplate":1,"horror_element_mod:human_remains":4,"minecraft:ladder":2,"minecraft:azalea":1,"minecraft:oak_sapling":2,"minecraft:spruce_slab":1,"minecraft:bow":1,"minecraft:wooden_pickaxe":1,"minecraft:calcite":11,"minecraft:written_book":1},"minecraft:used":{"minecraft:azalea":1,"minecraft:moss_block":2,"minecraft:writable_book":2,"minecraft:stone_sword":59,"minecraft:flint_and_steel":7,"minecraft:spruce_slab":2,"minecraft:ladder":1,"tacz:gun_smith_table":4,"minecraft:spruce_planks":3,"minecraft:shield":3,"minecraft:iron_sword":229,"minecraft:rotten_flesh":5,"minecraft:iron_chestplate":1,"minecraft:torch":12,"minecraft:dirt":21,"minecraft:deepslate_brick_slab":3,"minecraft:spruce_stairs":1,"minecraft:tuff":15,"minecraft:stone_stairs":1,"minecraft:snowball":28,"horror_element_mod:human_remains":4,"extermination:blood_harvest":1,"minecraft:bricks":4,"minecraft:iron_axe":7,"minecraft:iron_helmet":1,"minecraft:pink_wool":1,"minecraft:stone_brick_stairs":1,"minecraft:written_book":1,"minecraft:furnace":5,"tombstone:gift":6,"minecraft:cobbled_deepslate":25,"minecraft:pointed_dripstone":2,"minecraft:diorite":2,"minecraft:oak_planks":14,"minecraft:stone_pickaxe":132,"minecraft:wooden_pickaxe":37,"minecraft:leather_chestplate":1,"minecraft:salmon":2,"anthropology_items__structures:hunters_machete":52,"minecraft:crafting_table":9,"minecraft:red_bed":4,"minecraft:dripstone_block":3,"minecraft:apple":2,"minecraft:bread":3,"minecraft:iron_pickaxe":209,"minecraft:map":1,"tombstone:magic_scroll":1,"minecraft:gravel":2,"minecraft:stone_axe":56,"minecraft:cobblestone":114,"minecraft:cooked_porkchop":3,"minecraft:andesite":3,"alexsmobs:animal_dictionary":3,"minecraft:gray_wool":5,"minecraft:cobweb":8},"minecraft:crafted":{"minecraft:oak_planks":40,"minecraft:raw_iron":18,"sanitydim:garland":3,"minecraft:flint_and_steel":1,"minecraft:iron_boots":1,"minecraft:stone_pickaxe":1,"sophisticatedbackpacks:iron_backpack":1,"minecraft:crafting_table":2,"minecraft:wooden_pickaxe":1,"minecraft:iron_helmet":1,"minecraft:iron_sword":1,"tacz:gun_smith_table":1,"sophisticatedbackpacks:gold_backpack":1,"minecraft:bread":3,"minecraft:air":0,"minecraft:iron_chestplate":1,"minecraft:shield":1,"minecraft:stick":20,"minecraft:iron_ingot":64,"minecraft:iron_pickaxe":2,"minecraft:iron_block":1,"minecraft:stone_sword":1,"minecraft:iron_leggings":1,"minecraft:gold_ingot":9,"minecraft:torch":4},"minecraft:killed":{"minecraft:spider":4,"dangers_in_the_darkness:fever_dream":1,"minecraft:skeleton":3,"minecraft:chicken":1,"minecraft:silverfish":27,"humans_refuted:humans_refuted":1,"alexsmobs:bison":6,"extermination:tripod_body":2,"minecraft:pig":3,"bwrtherain:spider_skull":2,"minecraft:creeper":4,"minecraft:sheep":6,"alexsmobs:gelada_monkey":1,"minecraft:zombie":15,"alexsmobs:fly":1},"minecraft:picked_up":{"sophisticatedbackpacks:gold_backpack":1,"minecraft:iron_chestplate":2,"minecraft:crafting_table":9,"minecraft:chicken":1,"minecraft:redstone_block":2,"minecraft:ladder":3,"dangers_in_the_darkness:leg_spike":1,"minecraft:pink_wool":1,"minecraft:gold_block":1,"minecraft:potion":1,"minecraft:stone_brick_stairs":1,"minecraft:shield":2,"minecraft:polished_deepslate":11,"minecraft:string":12,"minecraft:red_bed":6,"minecraft:stone_stairs":1,"minecraft:iron_axe":5,"minecraft:smooth_stone_slab":3,"horror_element_mod:human_remains":4,"minecraft:smooth_stone":3,"minecraft:gold_nugget":2,"minecraft:cobbled_deepslate":27,"minecraft:spruce_planks":3,"minecraft:azalea":2,"minecraft:beef":36,"the_cuckoo_clock:old_folk_book":2,"minecraft:written_book":1,"minecraft:calcite":11,"minecraft:iron_pickaxe":5,"minecraft:spruce_slab":2,"minecraft:chest":2,"extermination:blood_harvest":1,"minecraft:furnace":5,"minecraft:stick":3,"minecraft:raw_iron":162,"minecraft:deepslate_brick_wall":5,"minecraft:glow_item_frame":1,"minecraft:torch":36,"whispers_of_the_wendigo:silver_bullet":2,"minecraft:spruce_stairs":1,"sophisticatedbackpacks:backpack":1,"minecraft:porkchop":3,"extermination:alien_battery":2,"minecraft:pointed_dripstone":3,"tombstone:grave_dust":4,"minecraft:diorite":3,"extermination:scrap_metal":12,"minecraft:rabbit_foot":1,"minecraft:arrow":2,"minecraft:rotten_flesh":15,"minecraft:polished_basalt":8,"minecraft:deepslate_bricks":1,"minecraft:iron_block":3,"minecraft:saddle":1,"minecraft:mutton":12,"minecraft:snowball":28,"minecraft:white_wool":6,"minecraft:cobblestone":119,"minecraft:leather_chestplate":1,"minecraft:mossy_cobblestone_slab":1,"minecraft:polished_diorite_slab":4,"minecraft:andesite":3,"alexsmobs:bison_fur":10,"minecraft:flint":1,"minecraft:skull_banner_pattern":2,"minecraft:tuff":17,"anthropology_items__structures:hunters_machete":1,"minecraft:oak_log":6,"minecraft:gunpowder":3,"minecraft:map":1,"minecraft:lapis_lazuli":64,"minecraft:dirt":104,"minecraft:white_banner":4,"tombstone:gift":1,"minecraft:bone":6,"minecraft:apple":1,"boh:kindness_flower":4,"minecraft:kelp":2,"minecraft:stonecutter":1,"minecraft:deepslate_brick_slab":12,"minecraft:wheat_seeds":10,"minecraft:iron_ingot":32,"minecraft:cobweb":14,"tacz:gun_smith_table":3,"minecraft:moss_block":2,"minecraft:oak_planks":2,"minecraft:book":9,"minecraft:cooked_porkchop":3,"minecraft:pumpkin":2,"minecraft:sweet_berries":6,"whispers_of_the_wendigo:rifle":1,"minecraft:raw_iron_block":2,"minecraft:dandelion":33,"minecraft:dripstone_block":3,"minecraft:gravel":2,"minecraft:sand":79,"minecraft:spruce_sapling":6,"minecraft:spruce_log":27,"minecraft:spider_eye":4,"minecraft:mossy_cobblestone":3,"man:tearoftheman":1,"minecraft:polished_diorite":4,"minecraft:writable_book":1,"minecraft:mossy_cobblestone_stairs":1,"minecraft:bread":2,"tombstone:magic_scroll":1,"minecraft:oak_sapling":2,"minecraft:dark_oak_fence":2,"minecraft:bricks":4,"minecraft:coal":15}},"DataVersion":3120}