{"stats":{"minecraft:killed":{"minecraft:spider":1,"minecraft:creeper":1,"minecraft:zombie":1,"extermination:tripod_body":1},"minecraft:killed_by":{"minecraft:player":1,"the_cuckoo_clock:chuckoo_clock_jumpscare":1,"kim_dweller:kim_dweller":1},"minecraft:used":{"minecraft:writable_book":1,"minecraft:stone_sword":22,"minecraft:spruce_slab":2,"minecraft:stone_pickaxe":44,"minecraft:oak_planks":2,"minecraft:spruce_planks":3,"minecraft:wooden_pickaxe":37,"minecraft:leather_chestplate":1,"minecraft:torch":5,"minecraft:crafting_table":2,"minecraft:red_bed":1,"minecraft:spruce_stairs":1,"minecraft:dripstone_block":1,"minecraft:bricks":4,"minecraft:apple":2,"minecraft:map":1,"minecraft:pink_wool":1,"minecraft:stone_brick_stairs":1,"minecraft:stone_axe":3,"minecraft:cobblestone":21,"minecraft:cooked_porkchop":2,"tombstone:gift":2,"alexsmobs:animal_dictionary":3,"minecraft:pointed_dripstone":2},"minecraft:crafted":{"minecraft:oak_planks":40,"minecraft:crafting_table":1,"minecraft:wooden_pickaxe":1,"sanitydim:garland":1,"minecraft:shield":1,"minecraft:stick":20,"minecraft:iron_ingot":9,"minecraft:stone_pickaxe":1,"minecraft:stone_sword":1,"minecraft:torch":4},"minecraft:picked_up":{"minecraft:crafting_table":2,"minecraft:polished_diorite_slab":4,"minecraft:redstone_block":2,"minecraft:pink_wool":1,"minecraft:stone_brick_stairs":1,"minecraft:oak_log":6,"minecraft:gunpowder":1,"minecraft:map":1,"minecraft:string":1,"minecraft:red_bed":2,"minecraft:bone":2,"minecraft:apple":1,"minecraft:spruce_planks":3,"minecraft:iron_ingot":6,"the_cuckoo_clock:old_folk_book":1,"minecraft:spruce_slab":2,"minecraft:oak_planks":2,"minecraft:furnace":2,"minecraft:stick":2,"minecraft:raw_iron":1,"minecraft:cooked_porkchop":3,"minecraft:glow_item_frame":1,"whispers_of_the_wendigo:rifle":1,"minecraft:torch":2,"minecraft:dandelion":24,"whispers_of_the_wendigo:silver_bullet":2,"minecraft:spruce_stairs":1,"minecraft:dripstone_block":3,"extermination:alien_battery":2,"minecraft:pointed_dripstone":2,"minecraft:spruce_log":17,"extermination:scrap_metal":8,"minecraft:spider_eye":1,"minecraft:polished_diorite":3,"minecraft:writable_book":1,"minecraft:iron_block":1,"minecraft:oak_sapling":1,"minecraft:mutton":3,"minecraft:bricks":4,"minecraft:coal":7,"minecraft:snowball":28,"minecraft:cobblestone":56},"minecraft:mined":{"whispers_of_the_wendigo:mangled_sheep":1,"minecraft:spruce_planks":4,"minecraft:red_bed":2,"minecraft:dandelion":24,"minecraft:powder_snow":4,"minecraft:crafting_table":1,"minecraft:torch":1,"minecraft:glass":4,"minecraft:cobblestone":3,"minecraft:tall_grass":2,"minecraft:oak_planks":2,"minecraft:bricks":2,"minecraft:furnace":2,"minecraft:iron_ore":1,"treechop:chopped_log":1,"minecraft:grass":2,"minecraft:pointed_dripstone":2,"minecraft:coal_ore":4,"minecraft:dripstone_block":3,"minecraft:stone":62,"minecraft:spruce_slab":2},"minecraft:custom":{"minecraft:mob_kills":5,"minecraft:interact_with_crafting_table":6,"minecraft:open_barrel":7,"minecraft:leave_game":5,"minecraft:time_since_death":6373,"minecraft:sleep_in_bed":2,"minecraft:time_since_rest":5618,"minecraft:sprint_one_cm":27795,"minecraft:damage_taken":1493,"minecraft:walk_one_cm":239092,"minecraft:drop":8,"minecraft:damage_dealt":1185,"minecraft:fly_one_cm":32418,"minecraft:open_chest":5,"minecraft:crouch_one_cm":4450,"minecraft:play_time":67463,"tombstone:undead_killed":1,"minecraft:deaths":4,"minecraft:sneak_time":1679,"minecraft:walk_under_water_one_cm":110,"minecraft:interact_with_lectern":1,"minecraft:jump":702,"minecraft:walk_on_water_one_cm":5554,"minecraft:total_world_time":67463,"minecraft:fall_one_cm":14265},"minecraft:dropped":{"minecraft:polished_diorite":3,"minecraft:polished_diorite_slab":4,"alexsmobs:animal_dictionary":1,"minecraft:crafting_table":1,"minecraft:filled_map":1,"minecraft:oak_sapling":1,"minecraft:writable_book":1,"minecraft:wooden_pickaxe":1}},"DataVersion":3120}