{"stats":{"minecraft:mined":{"minecraft:tall_grass":2,"minecraft:grass":1,"minecraft:powder_snow":1},"minecraft:used":{"alexsmobs:animal_dictionary":1},"minecraft:custom":{"minecraft:jump":113,"minecraft:time_since_rest":7166,"minecraft:leave_game":2,"minecraft:play_time":7166,"minecraft:sprint_one_cm":4244,"minecraft:damage_taken":20,"minecraft:time_since_death":7166,"minecraft:walk_one_cm":19352,"minecraft:total_world_time":7166,"minecraft:fall_one_cm":2312,"minecraft:fly_one_cm":4731}},"DataVersion":3120}