{"stats":{"minecraft:killed_by":{"sanitydim:rotting_stalker":1,"minecraft:skeleton":1,"minecraft:creeper":1},"minecraft:killed":{"minecraft:zombie":4,"minecraft:zombie_villager":1},"minecraft:used":{"minecraft:stone_sword":13,"minecraft:stone_pickaxe":164,"minecraft:wooden_pickaxe":15,"minecraft:rotten_flesh":6,"minecraft:stone_axe":10,"minecraft:torch":2,"minecraft:dirt":21,"minecraft:cobblestone":7,"minecraft:crafting_table":1,"tombstone:gift":1,"minecraft:carrot":2,"minecraft:birch_log":1,"alexsmobs:animal_dictionary":1},"minecraft:crafted":{"minecraft:oak_planks":16,"minecraft:crafting_table":1,"minecraft:stick":8,"minecraft:wooden_pickaxe":1,"minecraft:stone_pickaxe":2,"minecraft:stone_sword":1,"minecraft:torch":4,"minecraft:stone_axe":1},"minecraft:picked_up":{"minecraft:birch_log":5,"minecraft:stick":9,"minecraft:raw_iron":14,"minecraft:torch":2,"minecraft:oak_log":5,"tombstone:grave_dust":1,"minecraft:carrot":1,"minecraft:dirt":20,"minecraft:rotten_flesh":6,"minecraft:oak_sapling":4,"minecraft:birch_sapling":5,"minecraft:coal":52,"minecraft:cobblestone":105},"minecraft:mined":{"minecraft:iron_ore":14,"treechop:chopped_log":2,"minecraft:torch":1,"minecraft:grass":1,"minecraft:coal_ore":52,"minecraft:dirt":4,"minecraft:spruce_leaves":1,"minecraft:stone":107,"minecraft:oak_leaves":1,"minecraft:wall_torch":1},"minecraft:custom":{"minecraft:time_since_rest":5475,"minecraft:sprint_one_cm":64644,"minecraft:damage_taken":1220,"minecraft:walk_one_cm":35650,"minecraft:mob_kills":5,"minecraft:damage_dealt":984,"minecraft:interact_with_crafting_table":2,"minecraft:fly_one_cm":72070,"minecraft:crouch_one_cm":15253,"minecraft:play_time":44268,"tombstone:undead_killed":5,"minecraft:deaths":3,"minecraft:sneak_time":4165,"minecraft:jump":494,"minecraft:leave_game":1,"minecraft:walk_on_water_one_cm":1321,"minecraft:time_since_death":5678,"minecraft:total_world_time":44268,"minecraft:fall_one_cm":27793},"minecraft:broken":{"minecraft:stone_pickaxe":1}},"DataVersion":3120}