{"stats":{"minecraft:killed":{"minecraft:zombie_villager":1,"minecraft:spider":1,"minecraft:zombie":5,"minecraft:cow":4},"minecraft:killed_by":{"minecraft:player":1,"pale_hound:pale_hound":1,"minecraft:skeleton":1,"minecraft:creeper":1,"minecraft:spider":1,"sanitydim:rotting_stalker":1,"kim_dweller:kim_dweller":2},"minecraft:used":{"minecraft:stone_sword":24,"minecraft:stone_pickaxe":263,"minecraft:wooden_pickaxe":15,"minecraft:iron_sword":13,"minecraft:rotten_flesh":7,"minecraft:iron_chestplate":1,"minecraft:torch":6,"minecraft:dirt":21,"minecraft:crafting_table":2,"minecraft:carrot":2,"minecraft:tuff":3,"minecraft:iron_pickaxe":10,"minecraft:iron_helmet":1,"minecraft:stone_axe":11,"minecraft:cobblestone":41,"minecraft:sweet_berries":18,"minecraft:furnace":2,"minecraft:birch_log":1,"tombstone:gift":1,"alexsmobs:animal_dictionary":1},"minecraft:crafted":{"minecraft:oak_planks":16,"minecraft:crafting_table":2,"minecraft:wooden_pickaxe":1,"minecraft:iron_helmet":1,"minecraft:iron_sword":1,"minecraft:furnace":2,"minecraft:birch_planks":8,"minecraft:stone_axe":1,"minecraft:iron_boots":1,"minecraft:iron_chestplate":1,"minecraft:shield":1,"minecraft:stick":8,"minecraft:iron_ingot":38,"minecraft:iron_pickaxe":1,"minecraft:stone_pickaxe":2,"minecraft:stone_sword":1,"minecraft:iron_leggings":1,"minecraft:torch":4},"minecraft:picked_up":{"minecraft:birch_log":5,"minecraft:crafting_table":1,"minecraft:glow_ink_sac":2,"minecraft:andesite":1,"minecraft:leather":7,"minecraft:tuff":4,"minecraft:oak_log":5,"minecraft:dirt":20,"minecraft:string":1,"minecraft:cobbled_deepslate":12,"minecraft:beef":10,"minecraft:redstone_torch":1,"minecraft:birch_sapling":5,"minecraft:furnace":2,"minecraft:stick":9,"minecraft:raw_iron":72,"minecraft:sweet_berries":61,"minecraft:torch":4,"minecraft:gravel":1,"minecraft:spruce_sapling":1,"tombstone:grave_dust":1,"minecraft:diorite":5,"minecraft:carrot":1,"minecraft:rotten_flesh":7,"minecraft:oak_sapling":4,"minecraft:coal":52,"minecraft:cobblestone":114},"minecraft:mined":{"minecraft:tuff":5,"minecraft:orange_terracotta":1,"minecraft:crafting_table":1,"minecraft:torch":3,"minecraft:glass":2,"minecraft:cobblestone":7,"minecraft:spruce_leaves":14,"minecraft:sculk":1,"minecraft:diorite":5,"minecraft:wall_torch":1,"minecraft:furnace":2,"minecraft:redstone_torch":1,"minecraft:iron_ore":49,"minecraft:sweet_berry_bush":26,"minecraft:andesite":1,"treechop:chopped_log":2,"minecraft:smooth_stone_slab":1,"minecraft:grass":1,"minecraft:coal_ore":52,"minecraft:deepslate_iron_ore":23,"minecraft:gravel":1,"minecraft:dirt":4,"minecraft:stone":116,"minecraft:oak_leaves":1,"minecraft:deepslate":16},"minecraft:custom":{"minecraft:interact_with_furnace":27,"minecraft:mob_kills":11,"minecraft:interact_with_crafting_table":10,"minecraft:leave_game":2,"minecraft:time_since_death":8405,"minecraft:time_since_rest":8151,"minecraft:sprint_one_cm":180660,"minecraft:damage_taken":2453,"minecraft:walk_one_cm":99113,"minecraft:drop":17,"minecraft:damage_dealt":1901,"minecraft:fly_one_cm":158463,"minecraft:player_kills":1,"minecraft:open_chest":2,"minecraft:crouch_one_cm":24179,"minecraft:play_time":80183,"tombstone:undead_killed":6,"minecraft:deaths":9,"minecraft:sneak_time":6190,"minecraft:walk_under_water_one_cm":206,"minecraft:jump":1174,"minecraft:walk_on_water_one_cm":3469,"minecraft:total_world_time":80183,"minecraft:fall_one_cm":43630},"minecraft:dropped":{"minecraft:gravel":2,"minecraft:birch_sapling":10,"minecraft:oak_planks":2,"minecraft:azure_bluet":2,"minecraft:diorite":10,"minecraft:andesite":2,"tombstone:grave_dust":2,"minecraft:wooden_pickaxe":2,"minecraft:paper":2},"minecraft:broken":{"minecraft:stone_pickaxe":2}},"DataVersion":3120}