{"stats":{"minecraft:broken":{"minecraft:iron_boots":1,"minecraft:iron_chestplate":1,"minecraft:iron_leggings":1,"minecraft:stone_pickaxe":2,"minecraft:iron_helmet":1},"minecraft:killed_by":{"minecraft:player":9,"pale_hound:pale_hound":1,"the_cuckoo_clock:chuckoo_clock":1,"minecraft:creeper":1,"minecraft:spider":2,"sanitydim:rotting_stalker":1,"mimicer:mimicer":1,"siren_head:siren_head":1,"man:managgresive":1,"sanitydim:sneaking_terror":2,"minecraft:skeleton":2,"minecraft:zombie":3,"dark_dweller:dark_dweller":1,"kim_dweller:kim_dweller":2},"minecraft:custom":{"minecraft:mob_kills":41,"minecraft:interact_with_crafting_table":11,"minecraft:damage_dealt_resisted":52,"minecraft:leave_game":6,"minecraft:time_since_death":1394,"minecraft:climb_one_cm":4181,"minecraft:sprint_one_cm":545400,"minecraft:walk_one_cm":221124,"minecraft:damage_blocked_by_shield":1780,"minecraft:drop":44,"minecraft:damage_dealt_absorbed":70,"minecraft:play_time":155609,"minecraft:deaths":31,"minecraft:sneak_time":6665,"minecraft:walk_under_water_one_cm":2056,"minecraft:interact_with_lectern":2,"tombstone:tomb_raiding":1,"minecraft:jump":2807,"minecraft:walk_on_water_one_cm":15146,"minecraft:total_world_time":155609,"minecraft:interact_with_furnace":31,"minecraft:sleep_in_bed":4,"minecraft:time_since_rest":1165,"minecraft:damage_taken":9954,"minecraft:trigger_trapped_chest":2,"minecraft:damage_dealt":7606,"minecraft:player_kills":6,"minecraft:swim_one_cm":12382,"minecraft:fly_one_cm":497748,"minecraft:open_chest":16,"minecraft:crouch_one_cm":25826,"tombstone:undead_killed":15,"minecraft:fall_one_cm":82197},"minecraft:mined":{"minecraft:tuff":5,"minecraft:mossy_cobblestone":4,"minecraft:mangrove_roots":1,"minecraft:grass_block":3,"minecraft:spruce_fence":1,"minecraft:oak_pressure_plate":1,"minecraft:spruce_leaves":14,"minecraft:furnace":2,"minecraft:iron_ore":49,"minecraft:cobbled_deepslate":1,"minecraft:fire":82,"minecraft:andesite":1,"treechop:chopped_log":2,"minecraft:azure_bluet":1,"minecraft:enchanting_table":1,"minecraft:deepslate_iron_ore":23,"horror_element_mod:crucified_body":1,"minecraft:stone":119,"minecraft:red_bed":1,"minecraft:orange_terracotta":1,"minecraft:crafting_table":1,"minecraft:torch":3,"minecraft:stone_slab":16,"minecraft:glass":2,"minecraft:tall_grass":15,"minecraft:cobblestone":8,"minecraft:sculk":1,"minecraft:diorite":5,"minecraft:wall_torch":1,"minecraft:stone_stairs":12,"minecraft:redstone_torch":1,"minecraft:sweet_berry_bush":27,"minecraft:smooth_stone_slab":1,"minecraft:grass":25,"minecraft:coal_ore":54,"minecraft:gravel":4,"minecraft:dirt":7,"minecraft:cobweb":1,"minecraft:oak_leaves":3,"minecraft:deepslate":16,"minecraft:infested_stone":51},"minecraft:used":{"minecraft:writable_book":2,"minecraft:stone_sword":24,"minecraft:shield":37,"minecraft:iron_sword":166,"minecraft:rotten_flesh":25,"minecraft:iron_chestplate":1,"minecraft:torch":6,"minecraft:dirt":25,"minecraft:carrot":2,"minecraft:tuff":3,"horror_element_mod:human_remains":4,"minecraft:iron_axe":21,"minecraft:iron_helmet":1,"minecraft:sweet_berries":79,"minecraft:furnace":2,"tombstone:gift":4,"minecraft:cobbled_deepslate":2,"minecraft:stone_pickaxe":263,"minecraft:wooden_pickaxe":15,"minecraft:crafting_table":2,"minecraft:bread":1,"minecraft:iron_pickaxe":115,"minecraft:stone_axe":12,"minecraft:cobblestone":58,"minecraft:birch_log":1,"alexsmobs:animal_dictionary":1},"minecraft:dropped":{"boh:kindness_flower":4,"minecraft:wheat_seeds":1,"minecraft:glow_ink_sac":2,"minecraft:feather":2,"minecraft:saddle":1,"alexsmobs:bison_fur":5,"minecraft:cobweb":14,"minecraft:dirt":1,"minecraft:red_bed":1,"minecraft:diorite":10,"minecraft:stone_button":2,"tombstone:grave_dust":3,"minecraft:iron_axe":1,"minecraft:iron_pickaxe":2,"minecraft:paper":2,"minecraft:string":2,"minecraft:spruce_sapling":1,"minecraft:gravel":2,"alexsmobs:animal_dictionary":2,"minecraft:tuff":1,"minecraft:birch_sapling":10,"minecraft:raw_iron":6,"minecraft:oak_planks":2,"minecraft:azure_bluet":2,"minecraft:shield":1,"minecraft:skull_banner_pattern":2,"minecraft:andesite":2,"minecraft:oak_sapling":5,"minecraft:spider_eye":2,"minecraft:wooden_pickaxe":2},"minecraft:crafted":{"minecraft:oak_planks":16,"minecraft:furnace":2,"minecraft:iron_boots":1,"minecraft:stone_pickaxe":2,"minecraft:cooked_beef":1,"minecraft:crafting_table":2,"minecraft:wooden_pickaxe":1,"minecraft:iron_helmet":1,"minecraft:iron_sword":1,"minecraft:birch_planks":8,"minecraft:stone_axe":1,"minecraft:iron_chestplate":1,"minecraft:shield":1,"minecraft:stick":8,"minecraft:iron_pickaxe":1,"minecraft:iron_ingot":38,"minecraft:stone_sword":1,"minecraft:iron_leggings":1,"minecraft:torch":4},"minecraft:killed":{"minecraft:spider":4,"minecraft:skeleton":4,"minecraft:chicken":2,"minecraft:pig":6,"minecraft:zombie_villager":1,"bwrtherain:spider_skull":4,"the_cuckoo_clock:chuckoo_clock":1,"minecraft:sheep":3,"minecraft:zombie":10,"minecraft:cow":4},"minecraft:picked_up":{"minecraft:iron_chestplate":4,"minecraft:crafting_table":2,"minecraft:chicken":3,"minecraft:potion":5,"minecraft:shield":3,"minecraft:string":2,"minecraft:red_bed":4,"minecraft:iron_axe":5,"minecraft:iron_leggings":2,"horror_element_mod:human_remains":8,"minecraft:cobbled_deepslate":39,"minecraft:beef":10,"minecraft:redstone_torch":1,"minecraft:iron_pickaxe":5,"minecraft:birch_sapling":5,"minecraft:iron_boots":2,"minecraft:furnace":2,"minecraft:stick":9,"minecraft:raw_iron":148,"horror_element_mod:slashed_skull":2,"minecraft:torch":23,"minecraft:spruce_fence":1,"minecraft:porkchop":32,"minecraft:stone_button":2,"tombstone:grave_dust":3,"minecraft:diorite":5,"minecraft:carrot":1,"extermination:scrap_metal":4,"minecraft:arrow":12,"minecraft:rotten_flesh":56,"minecraft:saddle":2,"minecraft:mutton":6,"minecraft:white_wool":2,"minecraft:cobblestone":115,"minecraft:enchanting_table":3,"minecraft:birch_log":9,"minecraft:feather":2,"minecraft:glow_ink_sac":6,"minecraft:andesite":1,"minecraft:leather":7,"alexsmobs:bison_fur":5,"minecraft:skull_banner_pattern":3,"minecraft:tuff":4,"minecraft:oak_log":7,"minecraft:dirt":25,"tombstone:gift":1,"boh:kindness_flower":2,"minecraft:stonecutter":10,"minecraft:wheat_seeds":1,"minecraft:cobweb":14,"minecraft:iron_sword":4,"minecraft:sweet_berries":61,"minecraft:oak_pressure_plate":1,"minecraft:gravel":1,"minecraft:spruce_sapling":1,"minecraft:green_carpet":6,"minecraft:spider_eye":1,"alexsmobs:animal_dictionary":3,"man:tearoftheman":2,"minecraft:stone_axe":1,"minecraft:soul_lantern":1,"minecraft:writable_book":1,"minecraft:iron_helmet":2,"minecraft:emerald":1,"minecraft:bread":2,"minecraft:oak_sapling":5,"minecraft:coal":149}},"DataVersion":3120}