{"stats":{"minecraft:killed":{"minecraft:pig":1,"minecraft:zombie_villager":1,"minecraft:spider":1,"minecraft:sheep":1,"minecraft:skeleton":2,"minecraft:zombie":5,"minecraft:cow":4},"minecraft:used":{"minecraft:stone_sword":24,"minecraft:stone_pickaxe":263,"minecraft:wooden_pickaxe":15,"minecraft:iron_sword":50,"minecraft:rotten_flesh":7,"minecraft:iron_chestplate":1,"minecraft:torch":6,"minecraft:dirt":21,"minecraft:crafting_table":2,"minecraft:carrot":2,"minecraft:tuff":3,"minecraft:iron_pickaxe":18,"minecraft:iron_helmet":1,"minecraft:stone_axe":12,"minecraft:cobblestone":58,"minecraft:sweet_berries":32,"minecraft:furnace":2,"minecraft:birch_log":1,"tombstone:gift":1,"alexsmobs:animal_dictionary":1},"minecraft:killed_by":{"man:managgresive":1,"minecraft:player":2,"pale_hound:pale_hound":1,"minecraft:skeleton":1,"the_cuckoo_clock:chuckoo_clock":1,"minecraft:creeper":1,"minecraft:spider":1,"sanitydim:rotting_stalker":1,"kim_dweller:kim_dweller":2},"minecraft:crafted":{"minecraft:oak_planks":16,"minecraft:crafting_table":2,"minecraft:wooden_pickaxe":1,"minecraft:iron_helmet":1,"minecraft:iron_sword":1,"minecraft:furnace":2,"minecraft:birch_planks":8,"minecraft:stone_axe":1,"minecraft:iron_boots":1,"minecraft:iron_chestplate":1,"minecraft:shield":1,"minecraft:stick":8,"minecraft:iron_ingot":38,"minecraft:iron_pickaxe":1,"minecraft:stone_pickaxe":2,"minecraft:stone_sword":1,"minecraft:iron_leggings":1,"minecraft:torch":4},"minecraft:picked_up":{"minecraft:birch_log":5,"minecraft:crafting_table":1,"minecraft:glow_ink_sac":2,"minecraft:andesite":1,"minecraft:leather":7,"minecraft:tuff":4,"minecraft:oak_log":5,"minecraft:red_bed":1,"minecraft:dirt":21,"minecraft:string":1,"minecraft:cobbled_deepslate":13,"minecraft:beef":10,"minecraft:redstone_torch":1,"minecraft:birch_sapling":5,"minecraft:furnace":2,"minecraft:stick":9,"minecraft:raw_iron":72,"minecraft:sweet_berries":61,"minecraft:porkchop":3,"minecraft:spruce_fence":1,"minecraft:torch":4,"minecraft:oak_pressure_plate":1,"minecraft:gravel":1,"minecraft:spruce_sapling":1,"tombstone:grave_dust":2,"minecraft:diorite":5,"minecraft:carrot":1,"minecraft:arrow":4,"minecraft:rotten_flesh":11,"minecraft:oak_sapling":5,"minecraft:mutton":1,"minecraft:coal":52,"minecraft:white_wool":1,"minecraft:cobblestone":115},"minecraft:mined":{"minecraft:tuff":5,"minecraft:red_bed":1,"minecraft:mossy_cobblestone":2,"minecraft:orange_terracotta":1,"minecraft:mangrove_roots":1,"minecraft:crafting_table":1,"minecraft:torch":3,"minecraft:spruce_fence":1,"minecraft:oak_pressure_plate":1,"minecraft:tall_grass":2,"minecraft:glass":2,"minecraft:cobblestone":8,"minecraft:spruce_leaves":14,"minecraft:sculk":1,"minecraft:diorite":5,"minecraft:wall_torch":1,"minecraft:furnace":2,"minecraft:fire":82,"minecraft:redstone_torch":1,"minecraft:iron_ore":49,"minecraft:cobbled_deepslate":1,"minecraft:sweet_berry_bush":26,"minecraft:andesite":1,"treechop:chopped_log":2,"minecraft:smooth_stone_slab":1,"minecraft:grass":4,"minecraft:coal_ore":52,"minecraft:deepslate_iron_ore":23,"minecraft:gravel":1,"minecraft:dirt":4,"horror_element_mod:crucified_body":1,"minecraft:stone":116,"minecraft:oak_leaves":3,"minecraft:deepslate":16},"minecraft:custom":{"minecraft:interact_with_furnace":27,"minecraft:mob_kills":14,"minecraft:interact_with_crafting_table":10,"minecraft:leave_game":2,"minecraft:time_since_death":2071,"minecraft:sleep_in_bed":2,"minecraft:climb_one_cm":1879,"minecraft:time_since_rest":1868,"minecraft:sprint_one_cm":243583,"minecraft:damage_taken":4227,"minecraft:walk_one_cm":118803,"minecraft:trigger_trapped_chest":1,"minecraft:drop":20,"minecraft:damage_dealt":2674,"minecraft:fly_one_cm":199280,"minecraft:player_kills":2,"minecraft:open_chest":6,"minecraft:crouch_one_cm":24367,"minecraft:play_time":92183,"tombstone:undead_killed":8,"minecraft:deaths":14,"minecraft:sneak_time":6236,"minecraft:walk_under_water_one_cm":206,"minecraft:jump":1445,"minecraft:walk_on_water_one_cm":3469,"minecraft:total_world_time":92183,"minecraft:fall_one_cm":53443},"minecraft:dropped":{"minecraft:gravel":2,"minecraft:tuff":1,"minecraft:birch_sapling":10,"minecraft:oak_planks":2,"minecraft:azure_bluet":2,"minecraft:diorite":10,"minecraft:andesite":2,"minecraft:oak_sapling":5,"tombstone:grave_dust":2,"minecraft:wooden_pickaxe":2,"minecraft:paper":2,"minecraft:string":1},"minecraft:broken":{"minecraft:stone_pickaxe":2}},"DataVersion":3120}