{"stats":{"minecraft:killed":{"minecraft:zombie_villager":1,"minecraft:spider":1,"minecraft:zombie":5},"minecraft:killed_by":{"minecraft:player":1,"pale_hound:pale_hound":1,"minecraft:skeleton":1,"minecraft:creeper":1,"minecraft:spider":1,"sanitydim:rotting_stalker":1,"kim_dweller:kim_dweller":1},"minecraft:used":{"minecraft:stone_sword":21,"minecraft:stone_pickaxe":255,"minecraft:wooden_pickaxe":15,"minecraft:iron_sword":4,"minecraft:rotten_flesh":6,"minecraft:iron_chestplate":1,"minecraft:torch":5,"minecraft:dirt":21,"minecraft:crafting_table":2,"minecraft:carrot":2,"minecraft:iron_helmet":1,"minecraft:stone_axe":11,"minecraft:cobblestone":18,"minecraft:furnace":2,"minecraft:birch_log":1,"tombstone:gift":1,"alexsmobs:animal_dictionary":1},"minecraft:crafted":{"minecraft:oak_planks":16,"minecraft:crafting_table":2,"minecraft:wooden_pickaxe":1,"minecraft:iron_helmet":1,"minecraft:iron_sword":1,"minecraft:furnace":2,"minecraft:birch_planks":8,"minecraft:stone_axe":1,"minecraft:iron_boots":1,"minecraft:iron_chestplate":1,"minecraft:shield":1,"minecraft:stick":8,"minecraft:iron_ingot":38,"minecraft:iron_pickaxe":1,"minecraft:stone_pickaxe":2,"minecraft:stone_sword":1,"minecraft:iron_leggings":1,"minecraft:torch":4},"minecraft:picked_up":{"minecraft:birch_log":5,"minecraft:crafting_table":1,"minecraft:glow_ink_sac":2,"minecraft:andesite":1,"minecraft:oak_log":5,"minecraft:dirt":20,"minecraft:string":1,"minecraft:cobbled_deepslate":9,"minecraft:redstone_torch":1,"minecraft:birch_sapling":5,"minecraft:furnace":2,"minecraft:stick":9,"minecraft:raw_iron":70,"minecraft:torch":4,"minecraft:gravel":1,"tombstone:grave_dust":1,"minecraft:diorite":5,"minecraft:carrot":1,"minecraft:rotten_flesh":7,"minecraft:oak_sapling":4,"minecraft:coal":52,"minecraft:cobblestone":114},"minecraft:mined":{"minecraft:crafting_table":1,"minecraft:torch":3,"minecraft:cobblestone":5,"minecraft:spruce_leaves":1,"minecraft:diorite":5,"minecraft:wall_torch":1,"minecraft:furnace":2,"minecraft:redstone_torch":1,"minecraft:iron_ore":49,"minecraft:andesite":1,"treechop:chopped_log":2,"minecraft:grass":1,"minecraft:coal_ore":52,"minecraft:deepslate_iron_ore":21,"minecraft:gravel":1,"minecraft:dirt":4,"minecraft:stone":116,"minecraft:oak_leaves":1,"minecraft:deepslate":10},"minecraft:custom":{"minecraft:interact_with_furnace":27,"minecraft:mob_kills":7,"minecraft:interact_with_crafting_table":10,"minecraft:leave_game":2,"minecraft:time_since_death":6235,"minecraft:time_since_rest":6034,"minecraft:sprint_one_cm":132235,"minecraft:damage_taken":2203,"minecraft:walk_one_cm":72526,"minecraft:drop":17,"minecraft:damage_dealt":1433,"minecraft:fly_one_cm":124981,"minecraft:player_kills":1,"minecraft:crouch_one_cm":24000,"minecraft:play_time":68183,"tombstone:undead_killed":6,"minecraft:deaths":8,"minecraft:sneak_time":6151,"minecraft:walk_under_water_one_cm":206,"minecraft:jump":970,"minecraft:walk_on_water_one_cm":3469,"minecraft:total_world_time":68183,"minecraft:fall_one_cm":38970},"minecraft:dropped":{"minecraft:gravel":2,"minecraft:birch_sapling":10,"minecraft:oak_planks":2,"minecraft:azure_bluet":2,"minecraft:diorite":10,"minecraft:andesite":2,"tombstone:grave_dust":2,"minecraft:wooden_pickaxe":2,"minecraft:paper":2},"minecraft:broken":{"minecraft:stone_pickaxe":1}},"DataVersion":3120}