{"stats":{"minecraft:broken":{"minecraft:iron_boots":1,"minecraft:iron_chestplate":1,"minecraft:iron_leggings":1,"minecraft:stone_pickaxe":2,"minecraft:iron_helmet":1},"minecraft:killed_by":{"minecraft:player":12,"the_cuckoo_clock:chuckoo_clock_jumpscare":1,"pale_hound:pale_hound":1,"the_cuckoo_clock:chuckoo_clock":1,"minecraft:creeper":1,"minecraft:spider":2,"sanitydim:rotting_stalker":2,"mimicer:mimicer":1,"siren_head:siren_head":2,"man:managgresive":1,"sanitydim:sneaking_terror":2,"minecraft:warden":4,"minecraft:skeleton":2,"minecraft:zombie":3,"dark_dweller:dark_dweller":1,"kim_dweller:kim_dweller":2},"minecraft:custom":{"minecraft:mob_kills":64,"minecraft:interact_with_crafting_table":19,"minecraft:damage_dealt_resisted":52,"minecraft:leave_game":6,"minecraft:time_since_death":11859,"minecraft:climb_one_cm":5779,"minecraft:sprint_one_cm":774871,"minecraft:walk_one_cm":289765,"minecraft:damage_blocked_by_shield":2445,"minecraft:drop":55,"minecraft:damage_dealt_absorbed":70,"minecraft:play_time":203609,"minecraft:deaths":41,"minecraft:sneak_time":10712,"minecraft:walk_under_water_one_cm":2091,"minecraft:interact_with_lectern":2,"tombstone:tomb_raiding":1,"minecraft:jump":3916,"minecraft:walk_on_water_one_cm":15715,"minecraft:total_world_time":203609,"minecraft:interact_with_furnace":41,"minecraft:sleep_in_bed":5,"minecraft:time_since_rest":11647,"minecraft:damage_taken":13619,"minecraft:trigger_trapped_chest":3,"minecraft:damage_dealt":10573,"minecraft:player_kills":6,"minecraft:swim_one_cm":18206,"minecraft:fly_one_cm":707834,"minecraft:open_chest":38,"minecraft:crouch_one_cm":45360,"tombstone:undead_killed":21,"minecraft:interact_with_smoker":2,"minecraft:fall_one_cm":116725},"minecraft:mined":{"minecraft:deepslate_tiles":1,"minecraft:tuff":8,"minecraft:mossy_cobblestone":4,"minecraft:deepslate_diamond_ore":5,"minecraft:mangrove_roots":1,"minecraft:grass_block":3,"minecraft:spruce_fence":1,"minecraft:oak_pressure_plate":1,"minecraft:spruce_leaves":14,"minecraft:oak_trapdoor":1,"minecraft:furnace":2,"minecraft:iron_ore":49,"minecraft:cobbled_deepslate":1,"minecraft:fire":82,"minecraft:andesite":1,"treechop:chopped_log":2,"minecraft:azure_bluet":1,"minecraft:enchanting_table":1,"minecraft:deepslate_iron_ore":23,"horror_element_mod:crucified_body":1,"minecraft:stone":119,"minecraft:red_bed":1,"minecraft:soul_fire":1,"minecraft:soul_torch":1,"minecraft:orange_terracotta":1,"minecraft:crafting_table":1,"minecraft:torch":3,"minecraft:calcite":4,"minecraft:stone_slab":16,"minecraft:glass":2,"minecraft:tall_grass":19,"minecraft:cobblestone":8,"minecraft:oak_planks":1,"minecraft:cracked_deepslate_bricks":1,"minecraft:sculk":1,"minecraft:diorite":5,"minecraft:wall_torch":1,"minecraft:amethyst_block":3,"minecraft:stone_stairs":12,"minecraft:redstone_torch":1,"minecraft:sweet_berry_bush":27,"minecraft:smooth_stone_slab":1,"minecraft:grass":26,"minecraft:coal_ore":54,"minecraft:gravel":4,"minecraft:dirt":7,"minecraft:cobweb":1,"minecraft:smooth_basalt":2,"minecraft:oak_leaves":6,"minecraft:deepslate":39,"minecraft:infested_stone":51},"minecraft:used":{"minecraft:writable_book":2,"minecraft:stone_sword":24,"minecraft:cracked_deepslate_bricks":1,"minecraft:shield":54,"minecraft:iron_sword":203,"minecraft:rotten_flesh":27,"minecraft:iron_chestplate":1,"minecraft:torch":13,"minecraft:dirt":25,"minecraft:carrot":2,"minecraft:tuff":3,"horror_element_mod:human_remains":4,"minecraft:iron_axe":43,"minecraft:iron_helmet":2,"minecraft:iron_boots":1,"minecraft:sweet_berries":79,"minecraft:furnace":2,"tombstone:gift":4,"minecraft:cooked_beef":1,"minecraft:cobbled_deepslate":15,"minecraft:stone_pickaxe":263,"minecraft:oak_planks":3,"horror_element_mod:slashed_skull":3,"minecraft:wooden_pickaxe":15,"minecraft:crafting_table":2,"minecraft:bread":12,"minecraft:iron_pickaxe":157,"minecraft:stone_axe":12,"minecraft:cobblestone":58,"minecraft:birch_log":1,"alexsmobs:animal_dictionary":1,"minecraft:soul_torch":2},"minecraft:dropped":{"minecraft:iron_ingot":4,"boh:kindness_flower":4,"minecraft:wheat_seeds":1,"minecraft:glow_ink_sac":2,"minecraft:feather":2,"minecraft:saddle":1,"alexsmobs:bison_fur":5,"minecraft:cobweb":14,"minecraft:dirt":1,"minecraft:red_bed":1,"minecraft:diorite":10,"minecraft:stone_button":2,"tombstone:grave_dust":3,"minecraft:potion":1,"minecraft:iron_axe":2,"minecraft:iron_pickaxe":2,"minecraft:paper":2,"minecraft:string":2,"minecraft:spruce_sapling":1,"minecraft:redstone_block":3,"minecraft:gravel":2,"alexsmobs:animal_dictionary":2,"minecraft:tuff":1,"minecraft:birch_sapling":10,"minecraft:soul_lantern":2,"minecraft:raw_iron":6,"minecraft:rotten_flesh":40,"minecraft:oak_planks":2,"minecraft:azure_bluet":2,"minecraft:shield":2,"minecraft:skull_banner_pattern":2,"minecraft:andesite":2,"minecraft:oak_sapling":5,"minecraft:spider_eye":2,"minecraft:glass":9,"minecraft:wooden_pickaxe":2},"minecraft:crafted":{"minecraft:oak_planks":24,"minecraft:furnace":2,"minecraft:iron_boots":2,"minecraft:stone_pickaxe":2,"minecraft:cooked_beef":1,"minecraft:crafting_table":2,"minecraft:wooden_pickaxe":1,"minecraft:iron_helmet":2,"minecraft:iron_sword":1,"minecraft:bucket":1,"minecraft:birch_planks":8,"minecraft:stone_axe":1,"minecraft:iron_chestplate":1,"minecraft:shield":2,"minecraft:stick":8,"minecraft:iron_pickaxe":1,"minecraft:iron_ingot":42,"minecraft:stone_sword":1,"minecraft:iron_leggings":1,"minecraft:torch":4},"minecraft:killed":{"minecraft:spider":6,"minecraft:skeleton":6,"minecraft:chicken":6,"minecraft:skeleton_horse":1,"minecraft:pig":13,"minecraft:zombie_villager":1,"bwrtherain:spider_skull":4,"the_cuckoo_clock:chuckoo_clock":1,"minecraft:sheep":7,"minecraft:zombie":13,"minecraft:cow":4},"minecraft:picked_up":{"minecraft:iron_chestplate":4,"minecraft:crafting_table":2,"minecraft:ladder":2,"minecraft:redstone_block":3,"minecraft:chicken":7,"minecraft:potion":5,"minecraft:shield":3,"minecraft:amethyst_block":13,"minecraft:string":2,"minecraft:red_bed":4,"minecraft:iron_axe":5,"minecraft:iron_leggings":2,"horror_element_mod:human_remains":8,"minecraft:cobbled_deepslate":57,"minecraft:beef":10,"minecraft:redstone_torch":1,"minecraft:calcite":4,"minecraft:iron_pickaxe":5,"minecraft:birch_sapling":5,"minecraft:iron_boots":2,"minecraft:furnace":2,"minecraft:stick":9,"minecraft:raw_iron":148,"horror_element_mod:slashed_skull":2,"minecraft:torch":23,"minecraft:spruce_fence":1,"minecraft:porkchop":49,"extermination:alien_battery":6,"minecraft:stone_button":2,"tombstone:grave_dust":3,"minecraft:diorite":5,"minecraft:carrot":1,"extermination:scrap_metal":34,"minecraft:arrow":12,"minecraft:rotten_flesh":98,"minecraft:cracked_deepslate_bricks":1,"minecraft:iron_block":6,"minecraft:saddle":2,"minecraft:mutton":12,"minecraft:white_wool":5,"minecraft:cobblestone":116,"minecraft:enchanting_table":3,"minecraft:birch_log":9,"minecraft:feather":2,"minecraft:glow_ink_sac":6,"minecraft:andesite":1,"minecraft:leather":7,"alexsmobs:bison_fur":5,"minecraft:skull_banner_pattern":3,"minecraft:tuff":7,"minecraft:oak_log":7,"minecraft:dirt":25,"tombstone:gift":1,"minecraft:glass":9,"minecraft:gray_carpet":1,"boh:kindness_flower":2,"minecraft:stonecutter":10,"minecraft:wheat_seeds":1,"minecraft:iron_ingot":12,"minecraft:cobweb":14,"minecraft:oak_planks":1,"minecraft:iron_sword":4,"minecraft:sweet_berries":61,"minecraft:oak_pressure_plate":1,"minecraft:gravel":1,"minecraft:soul_torch":1,"minecraft:spruce_sapling":1,"minecraft:green_carpet":6,"minecraft:spider_eye":1,"alexsmobs:animal_dictionary":3,"man:tearoftheman":2,"minecraft:diamond":5,"minecraft:stone_axe":1,"minecraft:soul_lantern":1,"minecraft:writable_book":1,"minecraft:iron_helmet":2,"minecraft:emerald":1,"minecraft:bread":2,"minecraft:oak_sapling":5,"minecraft:coal":149}},"DataVersion":3120}