{"stats":{"minecraft:mined":{"minecraft:iron_ore":7,"treechop:chopped_log":2,"minecraft:grass":1,"minecraft:coal_ore":39,"minecraft:spruce_leaves":1,"minecraft:stone":58,"minecraft:oak_leaves":1},"minecraft:picked_up":{"minecraft:birch_log":5,"minecraft:stick":9,"minecraft:raw_iron":7,"minecraft:oak_log":5,"minecraft:carrot":1,"minecraft:dirt":16,"minecraft:rotten_flesh":2,"minecraft:oak_sapling":4,"minecraft:birch_sapling":5,"minecraft:coal":39,"minecraft:cobblestone":55},"minecraft:killed":{"minecraft:zombie":1,"minecraft:zombie_villager":1},"minecraft:custom":{"minecraft:time_since_rest":1452,"minecraft:sprint_one_cm":24577,"minecraft:damage_taken":535,"minecraft:walk_one_cm":9513,"minecraft:mob_kills":2,"minecraft:damage_dealt":452,"minecraft:interact_with_crafting_table":2,"minecraft:fly_one_cm":49104,"minecraft:crouch_one_cm":5238,"minecraft:play_time":14699,"tombstone:undead_killed":2,"minecraft:deaths":2,"minecraft:sneak_time":1626,"minecraft:jump":202,"minecraft:time_since_death":0,"minecraft:total_world_time":14699,"minecraft:fall_one_cm":10163},"minecraft:killed_by":{"minecraft:skeleton":1,"minecraft:creeper":1},"minecraft:used":{"minecraft:stone_pickaxe":92,"minecraft:wooden_pickaxe":12,"minecraft:stone_axe":10,"minecraft:dirt":11,"minecraft:crafting_table":1,"tombstone:gift":1},"minecraft:crafted":{"minecraft:oak_planks":12,"minecraft:crafting_table":1,"minecraft:stick":8,"minecraft:wooden_pickaxe":1,"minecraft:stone_pickaxe":2,"minecraft:stone_sword":1,"minecraft:stone_axe":1}},"DataVersion":3120}