{"stats":{"minecraft:mined":{"minecraft:iron_ore":8,"treechop:chopped_log":2,"minecraft:grass":1,"minecraft:coal_ore":39,"minecraft:dirt":4,"minecraft:spruce_leaves":1,"minecraft:stone":90,"minecraft:oak_leaves":1},"minecraft:picked_up":{"minecraft:birch_log":5,"minecraft:stick":9,"minecraft:raw_iron":8,"minecraft:oak_log":5,"minecraft:carrot":1,"minecraft:dirt":20,"minecraft:rotten_flesh":4,"minecraft:oak_sapling":4,"minecraft:birch_sapling":5,"minecraft:coal":39,"minecraft:cobblestone":88},"minecraft:killed":{"minecraft:zombie":2,"minecraft:zombie_villager":1},"minecraft:broken":{"minecraft:stone_pickaxe":1},"minecraft:custom":{"minecraft:time_since_rest":10190,"minecraft:sprint_one_cm":48301,"minecraft:damage_taken":745,"minecraft:walk_one_cm":21037,"minecraft:mob_kills":3,"minecraft:damage_dealt":540,"minecraft:interact_with_crafting_table":2,"minecraft:fly_one_cm":64816,"minecraft:crouch_one_cm":12359,"minecraft:play_time":26699,"tombstone:undead_killed":3,"minecraft:deaths":2,"minecraft:sneak_time":3483,"minecraft:jump":381,"minecraft:walk_on_water_one_cm":633,"minecraft:time_since_death":10387,"minecraft:total_world_time":26699,"minecraft:fall_one_cm":19024},"minecraft:killed_by":{"minecraft:skeleton":1,"minecraft:creeper":1},"minecraft:crafted":{"minecraft:oak_planks":12,"minecraft:crafting_table":1,"minecraft:stick":8,"minecraft:wooden_pickaxe":1,"minecraft:stone_pickaxe":2,"minecraft:stone_sword":1,"minecraft:stone_axe":1},"minecraft:used":{"minecraft:stone_sword":1,"minecraft:stone_pickaxe":130,"minecraft:wooden_pickaxe":12,"minecraft:stone_axe":10,"minecraft:dirt":21,"minecraft:cobblestone":7,"minecraft:crafting_table":1,"minecraft:birch_log":1,"alexsmobs:animal_dictionary":1,"tombstone:gift":1}},"DataVersion":3120}