{"stats":{"minecraft:killed_by":{"pale_hound:pale_hound":1,"minecraft:skeleton":1,"minecraft:creeper":1,"minecraft:spider":1,"sanitydim:rotting_stalker":1},"minecraft:killed":{"minecraft:zombie_villager":1,"minecraft:spider":1,"minecraft:zombie":4},"minecraft:used":{"minecraft:stone_sword":17,"minecraft:stone_pickaxe":245,"minecraft:wooden_pickaxe":15,"minecraft:rotten_flesh":6,"minecraft:iron_chestplate":1,"minecraft:torch":3,"minecraft:dirt":21,"minecraft:crafting_table":2,"minecraft:carrot":2,"minecraft:iron_helmet":1,"minecraft:stone_axe":10,"minecraft:cobblestone":7,"minecraft:furnace":2,"minecraft:birch_log":1,"tombstone:gift":1,"alexsmobs:animal_dictionary":1},"minecraft:crafted":{"minecraft:oak_planks":16,"minecraft:crafting_table":2,"minecraft:wooden_pickaxe":1,"minecraft:iron_helmet":1,"minecraft:iron_sword":1,"minecraft:furnace":2,"minecraft:stone_axe":1,"minecraft:iron_chestplate":1,"minecraft:stick":8,"minecraft:iron_ingot":18,"minecraft:iron_pickaxe":1,"minecraft:stone_pickaxe":2,"minecraft:stone_sword":1,"minecraft:torch":4},"minecraft:picked_up":{"minecraft:birch_log":5,"minecraft:andesite":1,"minecraft:oak_log":5,"minecraft:dirt":20,"minecraft:string":1,"minecraft:cobbled_deepslate":6,"minecraft:redstone_torch":1,"minecraft:birch_sapling":5,"minecraft:stick":9,"minecraft:raw_iron":70,"minecraft:torch":3,"minecraft:gravel":1,"tombstone:grave_dust":1,"minecraft:diorite":5,"minecraft:carrot":1,"minecraft:rotten_flesh":6,"minecraft:oak_sapling":4,"minecraft:coal":52,"minecraft:cobblestone":111},"minecraft:mined":{"minecraft:torch":2,"minecraft:spruce_leaves":1,"minecraft:diorite":5,"minecraft:wall_torch":1,"minecraft:iron_ore":49,"minecraft:redstone_torch":1,"minecraft:andesite":1,"treechop:chopped_log":2,"minecraft:grass":1,"minecraft:coal_ore":52,"minecraft:deepslate_iron_ore":21,"minecraft:gravel":1,"minecraft:dirt":4,"minecraft:stone":116,"minecraft:oak_leaves":1,"minecraft:deepslate":7},"minecraft:custom":{"minecraft:interact_with_furnace":17,"minecraft:mob_kills":6,"minecraft:interact_with_crafting_table":8,"minecraft:leave_game":1,"minecraft:time_since_death":370,"minecraft:time_since_rest":84,"minecraft:sprint_one_cm":110548,"minecraft:damage_taken":1640,"minecraft:walk_one_cm":54487,"minecraft:drop":7,"minecraft:damage_dealt":1144,"minecraft:fly_one_cm":112087,"minecraft:crouch_one_cm":17108,"minecraft:play_time":56268,"tombstone:undead_killed":5,"minecraft:deaths":6,"minecraft:sneak_time":4757,"minecraft:walk_under_water_one_cm":206,"minecraft:jump":812,"minecraft:walk_on_water_one_cm":2735,"minecraft:total_world_time":56268,"minecraft:fall_one_cm":37650},"minecraft:dropped":{"minecraft:gravel":1,"minecraft:birch_sapling":5,"minecraft:oak_planks":1,"minecraft:azure_bluet":1,"minecraft:diorite":5,"minecraft:andesite":1,"minecraft:paper":1},"minecraft:broken":{"minecraft:stone_pickaxe":1}},"DataVersion":3120}