{
  "betterdungeons:root": {
    "criteria": {
      "always": "2024-10-11 02:34:05 +0000"
    },
    "done": true
  },
  "betterdeserttemples:root": {
    "criteria": {
      "always": "2024-10-11 02:34:05 +0000"
    },
    "done": true
  },
  "tombstone:adventure/root": {
    "criteria": {
      "auto": "2024-10-11 02:45:55 +0000"
    },
    "done": true
  },
  "minecraft:adventure/adventuring_time": {
    "criteria": {
      "minecraft:meadow": "2024-10-11 02:45:55 +0000"
    },
    "done": false
  },
  "DataVersion": 3120
}