{
  "betterdungeons:root": {
    "criteria": {
      "always": "2024-10-11 15:34:27 +0000"
    },
    "done": true
  },
  "betterdeserttemples:root": {
    "criteria": {
      "always": "2024-10-11 15:34:27 +0000"
    },
    "done": true
  },
  "tombstone:adventure/root": {
    "criteria": {
      "auto": "2024-10-11 15:34:28 +0000"
    },
    "done": true
  },
  "minecraft:adventure/adventuring_time": {
    "criteria": {
      "minecraft:grove": "2024-10-11 15:35:22 +0000",
      "minecraft:meadow": "2024-10-11 15:34:28 +0000"
    },
    "done": false
  },
  "DataVersion": 3120
}